0F-InvertedOnlyMD5,0-InvertedOnlyPids,11-System_FileName,13F-System_Size,14F-System_FileAttributes,15F-System_DateModified,16F-System_DateCreated,17F-System_DateAccessed,33-System_ItemUrl,3-System_ItemFolderNameDisplay,4165-System_ComputerName,4334-System_ContentType,4346-System_DateImported,4352-System_Document_DateCreated,4354-System_Document_DateSaved,4373-System_FileExtension,4377-System_FileOwner,4378-System_FilePlaceholderStatus,4410-System_IsAttachment,4412-System_IsEncrypted,4415-System_IsFolder,4419-System_ItemDate,4421-System_ItemFolderPathDisplay,4422-System_ItemFolderPathDisplayNarrow,4423-System_ItemName,4424-System_ItemNameDisplay,4425-System_ItemNameDisplayWithoutExtension,4428-System_ItemPathDisplay,4429-System_ItemPathDisplayNarrow,4431-System_ItemType,4453-System_MIMEType,4540-System_NotUserContent,4546-System_ParsingName,4604-System_SFGAOFlags,4605-System_Search_AccessCount,4612F-System_Search_GatherTime,4614-System_Search_LastIndexedTotalTime,4618-System_Search_Store,4655-System_ThumbnailCacheId,4679-System_VolumeId,5-System_ItemTypeText,WorkID
"0D4A4C8762915783C94D669B80354F9A","15124E12","arena-c2cecdfd5a2d9f1c.dll","112128","32","25/03/2018 15:16:55.0000000","11/04/2018 16:09:16.3055898","11/04/2018 16:09:16.3055898","file:C:/Users/maxpowers/.rustup/toolchains/stable-x86_64-pc-windows-msvc/bin/arena-c2cecdfd5a2d9f1c.dll","bin","DESKTOP-EDSLQM8","application/x-msdownload","25/03/2018 15:16:55.0000000","25/03/2018 15:16:55.0000000","25/03/2018 15:16:55.0000000",".dll","DESKTOP-EDSLQM8\maxpowers","6","False","False","False","25/03/2018 15:16:55.0000000","C:\Users\maxpowers\.rustup\toolchains\stable-x86_64-pc-windows-msvc\bin","bin (C:\Users\maxpowers\.rustup\toolchains\stable-x86_64-pc-windows-msvc)","arena-c2cecdfd5a2d9f1c.dll","arena-c2cecdfd5a2d9f1c.dll","arena-c2cecdfd5a2d9f1c","C:\Users\maxpowers\.rustup\toolchains\stable-x86_64-pc-windows-msvc\bin\arena-c2cecdfd5a2d9f1c.dll","arena-c2cecdfd5a2d9f1c (C:\Users\maxpowers\.rustup\toolchains\stable-x86_64-pc-windows-msvc\bin)",".dll","application/x-msdownload","False","arena-c2cecdfd5a2d9f1c.dll","1077936503","0","11/04/2018 16:16:25.3679793","0","file","BAA3F32E94CD70E7","804cb650-0000-0000-0000-501f00000000","Application extension","2576"
"770C8F63DB86B2779FD3918FCE825FC6","15124E12","fmt_macros-4c5d8e9cb89b761b.dll","136192","32","25/03/2018 15:17:33.0000000","11/04/2018 16:09:16.3210960","11/04/2018 16:09:16.3210960","file:C:/Users/maxpowers/.rustup/toolchains/stable-x86_64-pc-windows-msvc/bin/fmt_macros-4c5d8e9cb89b761b.dll","bin","DESKTOP-EDSLQM8","application/x-msdownload","25/03/2018 15:17:33.0000000","25/03/2018 15:17:33.0000000","25/03/2018 15:17:33.0000000",".dll","DESKTOP-EDSLQM8\maxpowers","6","False","False","False","25/03/2018 15:17:33.0000000","C:\Users\maxpowers\.rustup\toolchains\stable-x86_64-pc-windows-msvc\bin","bin (C:\Users\maxpowers\.rustup\toolchains\stable-x86_64-pc-windows-msvc)","fmt_macros-4c5d8e9cb89b761b.dll","fmt_macros-4c5d8e9cb89b761b.dll","fmt_macros-4c5d8e9cb89b761b","C:\Users\maxpowers\.rustup\toolchains\stable-x86_64-pc-windows-msvc\bin\fmt_macros-4c5d8e9cb89b761b.dll","fmt_macros-4c5d8e9cb89b761b (C:\Users\maxpowers\.rustup\toolchains\stable-x86_64-pc-windows-msvc\bin)",".dll","application/x-msdownload","False","fmt_macros-4c5d8e9cb89b761b.dll","1077936503","0","11/04/2018 16:16:25.3679793","0,015625","file","0C30D57C28684AE7","804cb650-0000-0000-0000-501f00000000","Application extension","2577"
"62C9E55C2805FD4271E6342E739E46D3","15124E12","graphviz-2c59e020945a59b9.dll","161280","32","25/03/2018 15:17:28.0000000","11/04/2018 16:09:16.3210960","11/04/2018 16:09:16.3210960","file:C:/Users/maxpowers/.rustup/toolchains/stable-x86_64-pc-windows-msvc/bin/graphviz-2c59e020945a59b9.dll","bin","DESKTOP-EDSLQM8","application/x-msdownload","25/03/2018 15:17:28.0000000","25/03/2018 15:17:28.0000000","25/03/2018 15:17:28.0000000",".dll","DESKTOP-EDSLQM8\maxpowers","6","False","False","False","25/03/2018 15:17:28.0000000","C:\Users\maxpowers\.rustup\toolchains\stable-x86_64-pc-windows-msvc\bin","bin (C:\Users\maxpowers\.rustup\toolchains\stable-x86_64-pc-windows-msvc)","graphviz-2c59e020945a59b9.dll","graphviz-2c59e020945a59b9.dll","graphviz-2c59e020945a59b9","C:\Users\maxpowers\.rustup\toolchains\stable-x86_64-pc-windows-msvc\bin\graphviz-2c59e020945a59b9.dll","graphviz-2c59e020945a59b9 (C:\Users\maxpowers\.rustup\toolchains\stable-x86_64-pc-windows-msvc\bin)",".dll","application/x-msdownload","False","graphviz-2c59e020945a59b9.dll","1077936503","0","11/04/2018 16:16:25.3523541","0","file","377A69185A9C34A8","804cb650-0000-0000-0000-501f00000000","Application extension","2578"
"8B4473AF2F9212ADCE273A6F213A7061","15124E12","proc_macro-0faeed6576da7f67.dll","395264","32","25/03/2018 15:20:14.0000000","11/04/2018 16:09:16.3210960","11/04/2018 16:09:16.3210960","file:C:/Users/maxpowers/.rustup/toolchains/stable-x86_64-pc-windows-msvc/bin/proc_macro-0faeed6576da7f67.dll","bin","DESKTOP-EDSLQM8","application/x-msdownload","25/03/2018 15:20:14.0000000","25/03/2018 15:20:14.0000000","25/03/2018 15:20:14.0000000",".dll","DESKTOP-EDSLQM8\maxpowers","6","False","False","False","25/03/2018 15:20:14.0000000","C:\Users\maxpowers\.rustup\toolchains\stable-x86_64-pc-windows-msvc\bin","bin (C:\Users\maxpowers\.rustup\toolchains\stable-x86_64-pc-windows-msvc)","proc_macro-0faeed6576da7f67.dll","proc_macro-0faeed6576da7f67.dll","proc_macro-0faeed6576da7f67","C:\Users\maxpowers\.rustup\toolchains\stable-x86_64-pc-windows-msvc\bin\proc_macro-0faeed6576da7f67.dll","proc_macro-0faeed6576da7f67 (C:\Users\maxpowers\.rustup\toolchains\stable-x86_64-pc-windows-msvc\bin)",".dll","application/x-msdownload","False","proc_macro-0faeed6576da7f67.dll","1077936503","0","11/04/2018 16:16:25.3523541","0","file","036C4F92910997E0","804cb650-0000-0000-0000-501f00000000","Application extension","2579"
"C4EC2553F9EEB8BBA298FEA02C9E9C80","15124E12","rustc-2e29a1328910ac53.dll","15638528","32","25/03/2018 15:28:08.0000000","11/04/2018 16:09:16.3371572","11/04/2018 16:09:16.3371572","file:C:/Users/maxpowers/.rustup/toolchains/stable-x86_64-pc-windows-msvc/bin/rustc-2e29a1328910ac53.dll","bin","DESKTOP-EDSLQM8","application/x-msdownload","25/03/2018 15:28:08.0000000","25/03/2018 15:28:08.0000000","25/03/2018 15:28:08.0000000",".dll","DESKTOP-EDSLQM8\maxpowers","6","False","False","False","25/03/2018 15:28:08.0000000","C:\Users\maxpowers\.rustup\toolchains\stable-x86_64-pc-windows-msvc\bin","bin (C:\Users\maxpowers\.rustup\toolchains\stable-x86_64-pc-windows-msvc)","rustc-2e29a1328910ac53.dll","rustc-2e29a1328910ac53.dll","rustc-2e29a1328910ac53","C:\Users\maxpowers\.rustup\toolchains\stable-x86_64-pc-windows-msvc\bin\rustc-2e29a1328910ac53.dll","rustc-2e29a1328910ac53 (C:\Users\maxpowers\.rustup\toolchains\stable-x86_64-pc-windows-msvc\bin)",".dll","application/x-msdownload","False","rustc-2e29a1328910ac53.dll","1077936503","0","11/04/2018 16:16:25.3054786","0","file","4E667E7E17160F68","804cb650-0000-0000-0000-501f00000000","Application extension","2581"
"E0594DB55599ADE5AF3226AB0716E5FE","15124E12","rustc_allocator-f3896e215217966b.dll","551424","32","25/03/2018 15:29:07.0000000","11/04/2018 16:09:16.4618250","11/04/2018 16:09:16.4618250","file:C:/Users/maxpowers/.rustup/toolchains/stable-x86_64-pc-windows-msvc/bin/rustc_allocator-f3896e215217966b.dll","bin","DESKTOP-EDSLQM8","application/x-msdownload","25/03/2018 15:29:07.0000000","25/03/2018 15:29:07.0000000","25/03/2018 15:29:07.0000000",".dll","DESKTOP-EDSLQM8\maxpowers","6","False","False","False","25/03/2018 15:29:07.0000000","C:\Users\maxpowers\.rustup\toolchains\stable-x86_64-pc-windows-msvc\bin","bin (C:\Users\maxpowers\.rustup\toolchains\stable-x86_64-pc-windows-msvc)","rustc_allocator-f3896e215217966b.dll","rustc_allocator-f3896e215217966b.dll","rustc_allocator-f3896e215217966b","C:\Users\maxpowers\.rustup\toolchains\stable-x86_64-pc-windows-msvc\bin\rustc_allocator-f3896e215217966b.dll","rustc_allocator-f3896e215217966b (C:\Users\maxpowers\.rustup\toolchains\stable-x86_64-pc-windows-msvc\bin)",".dll","application/x-msdownload","False","rustc_allocator-f3896e215217966b.dll","1077936503","0","11/04/2018 16:16:25.2898699","0","file","88809B64E4B6D3CF","804cb650-0000-0000-0000-501f00000000","Application extension","2583"
"B4E9BFFFE7A810030A98EFEDB26AC851","15124E12","rustc_back-5476d51de620474e.dll","706560","32","25/03/2018 15:20:18.0000000","11/04/2018 16:09:16.4618250","11/04/2018 16:09:16.4618250","file:C:/Users/maxpowers/.rustup/toolchains/stable-x86_64-pc-windows-msvc/bin/rustc_back-5476d51de620474e.dll","bin","DESKTOP-EDSLQM8","application/x-msdownload","25/03/2018 15:20:18.0000000","25/03/2018 15:20:18.0000000","25/03/2018 15:20:18.0000000",".dll","DESKTOP-EDSLQM8\maxpowers","6","False","False","False","25/03/2018 15:20:18.0000000","C:\Users\maxpowers\.rustup\toolchains\stable-x86_64-pc-windows-msvc\bin","bin (C:\Users\maxpowers\.rustup\toolchains\stable-x86_64-pc-windows-msvc)","rustc_back-5476d51de620474e.dll","rustc_back-5476d51de620474e.dll","rustc_back-5476d51de620474e","C:\Users\maxpowers\.rustup\toolchains\stable-x86_64-pc-windows-msvc\bin\rustc_back-5476d51de620474e.dll","rustc_back-5476d51de620474e (C:\Users\maxpowers\.rustup\toolchains\stable-x86_64-pc-windows-msvc\bin)",".dll","application/x-msdownload","False","rustc_back-5476d51de620474e.dll","1077936503","0","11/04/2018 16:16:25.2898699","0","file","F40F8AA1F33FAC6B","804cb650-0000-0000-0000-501f00000000","Application extension","2584"
"87C124829D766B4BCC7CE0E98E4EE81D","15124E12","rustc_borrowck-d9df6656721dd7d6.dll","521216","32","25/03/2018 15:34:16.0000000","11/04/2018 16:09:16.4618250","11/04/2018 16:09:16.4618250","file:C:/Users/maxpowers/.rustup/toolchains/stable-x86_64-pc-windows-msvc/bin/rustc_borrowck-d9df6656721dd7d6.dll","bin","DESKTOP-EDSLQM8","application/x-msdownload","25/03/2018 15:34:16.0000000","25/03/2018 15:34:16.0000000","25/03/2018 15:34:16.0000000",".dll","DESKTOP-EDSLQM8\maxpowers","6","False","False","False","25/03/2018 15:34:16.0000000","C:\Users\maxpowers\.rustup\toolchains\stable-x86_64-pc-windows-msvc\bin","bin (C:\Users\maxpowers\.rustup\toolchains\stable-x86_64-pc-windows-msvc)","rustc_borrowck-d9df6656721dd7d6.dll","rustc_borrowck-d9df6656721dd7d6.dll","rustc_borrowck-d9df6656721dd7d6","C:\Users\maxpowers\.rustup\toolchains\stable-x86_64-pc-windows-msvc\bin\rustc_borrowck-d9df6656721dd7d6.dll","rustc_borrowck-d9df6656721dd7d6 (C:\Users\maxpowers\.rustup\toolchains\stable-x86_64-pc-windows-msvc\bin)",".dll","application/x-msdownload","False","rustc_borrowck-d9df6656721dd7d6.dll","1077936503","0","11/04/2018 16:16:25.2898699","0,015625","file","F362F70A58898017","804cb650-0000-0000-0000-501f00000000","Application extension","2585"
"FFF67677637BEA87D3FD571C64FFCEA7","15124E12","rustc_const_eval-89f634d4a00f7a59.dll","500736","32","25/03/2018 15:30:49.0000000","11/04/2018 16:09:16.4773846","11/04/2018 16:09:16.4773846","file:C:/Users/maxpowers/.rustup/toolchains/stable-x86_64-pc-windows-msvc/bin/rustc_const_eval-89f634d4a00f7a59.dll","bin","DESKTOP-EDSLQM8","application/x-msdownload","25/03/2018 15:30:49.0000000","25/03/2018 15:30:49.0000000","25/03/2018 15:30:49.0000000",".dll","DESKTOP-EDSLQM8\maxpowers","6","False","False","False","25/03/2018 15:30:49.0000000","C:\Users\maxpowers\.rustup\toolchains\stable-x86_64-pc-windows-msvc\bin","bin (C:\Users\maxpowers\.rustup\toolchains\stable-x86_64-pc-windows-msvc)","rustc_const_eval-89f634d4a00f7a59.dll","rustc_const_eval-89f634d4a00f7a59.dll","rustc_const_eval-89f634d4a00f7a59","C:\Users\maxpowers\.rustup\toolchains\stable-x86_64-pc-windows-msvc\bin\rustc_const_eval-89f634d4a00f7a59.dll","rustc_const_eval-89f634d4a00f7a59 (C:\Users\maxpowers\.rustup\toolchains\stable-x86_64-pc-windows-msvc\bin)",".dll","application/x-msdownload","False","rustc_const_eval-89f634d4a00f7a59.dll","1077936503","0","11/04/2018 16:16:25.2742353","0","file","29498CB9D9840383","804cb650-0000-0000-0000-501f00000000","Application extension","2586"
"29E8FAC17286697F110A3601D2AD431B","15124E12","rustc_const_math-30bbc917995b0755.dll","305152","32","25/03/2018 15:20:08.0000000","11/04/2018 16:09:16.4773846","11/04/2018 16:09:16.4773846","file:C:/Users/maxpowers/.rustup/toolchains/stable-x86_64-pc-windows-msvc/bin/rustc_const_math-30bbc917995b0755.dll","bin","DESKTOP-EDSLQM8","application/x-msdownload","25/03/2018 15:20:08.0000000","25/03/2018 15:20:08.0000000","25/03/2018 15:20:08.0000000",".dll","DESKTOP-EDSLQM8\maxpowers","6","False","False","False","25/03/2018 15:20:08.0000000","C:\Users\maxpowers\.rustup\toolchains\stable-x86_64-pc-windows-msvc\bin","bin (C:\Users\maxpowers\.rustup\toolchains\stable-x86_64-pc-windows-msvc)","rustc_const_math-30bbc917995b0755.dll","rustc_const_math-30bbc917995b0755.dll","rustc_const_math-30bbc917995b0755","C:\Users\maxpowers\.rustup\toolchains\stable-x86_64-pc-windows-msvc\bin\rustc_const_math-30bbc917995b0755.dll","rustc_const_math-30bbc917995b0755 (C:\Users\maxpowers\.rustup\toolchains\stable-x86_64-pc-windows-msvc\bin)",".dll","application/x-msdownload","False","rustc_const_math-30bbc917995b0755.dll","1077936503","0","11/04/2018 16:16:25.2742353","0","file","69D7919D64820453","804cb650-0000-0000-0000-501f00000000","Application extension","2587"
"1C0ED841CDB0CC9EE0EA96BD78F11312","15124E12","rustc_cratesio_shim-780e645462f0cd07.dll","89088","32","25/03/2018 15:17:36.0000000","11/04/2018 16:09:16.4929840","11/04/2018 16:09:16.4929840","file:C:/Users/maxpowers/.rustup/toolchains/stable-x86_64-pc-windows-msvc/bin/rustc_cratesio_shim-780e645462f0cd07.dll","bin","DESKTOP-EDSLQM8","application/x-msdownload","25/03/2018 15:17:36.0000000","25/03/2018 15:17:36.0000000","25/03/2018 15:17:36.0000000",".dll","DESKTOP-EDSLQM8\maxpowers","6","False","False","False","25/03/2018 15:17:36.0000000","C:\Users\maxpowers\.rustup\toolchains\stable-x86_64-pc-windows-msvc\bin","bin (C:\Users\maxpowers\.rustup\toolchains\stable-x86_64-pc-windows-msvc)","rustc_cratesio_shim-780e645462f0cd07.dll","rustc_cratesio_shim-780e645462f0cd07.dll","rustc_cratesio_shim-780e645462f0cd07","C:\Users\maxpowers\.rustup\toolchains\stable-x86_64-pc-windows-msvc\bin\rustc_cratesio_shim-780e645462f0cd07.dll","rustc_cratesio_shim-780e645462f0cd07 (C:\Users\maxpowers\.rustup\toolchains\stable-x86_64-pc-windows-msvc\bin)",".dll","application/x-msdownload","False","rustc_cratesio_shim-780e645462f0cd07.dll","1077936503","0","11/04/2018 16:16:25.2742353","0,015625","file","B9FBBB223231D225","804cb650-0000-0000-0000-501f00000000","Application extension","2588"
"237EFCD8CD98B0338FF58B81BE51ED8C","15124E12","rustc_data_structures-fa2cd4d16d90fa4b.dll","2380800","32","25/03/2018 15:17:51.0000000","11/04/2018 16:09:16.4929840","11/04/2018 16:09:16.4929840","file:C:/Users/maxpowers/.rustup/toolchains/stable-x86_64-pc-windows-msvc/bin/rustc_data_structures-fa2cd4d16d90fa4b.dll","bin","DESKTOP-EDSLQM8","application/x-msdownload","25/03/2018 15:17:51.0000000","25/03/2018 15:17:51.0000000","25/03/2018 15:17:51.0000000",".dll","DESKTOP-EDSLQM8\maxpowers","6","False","False","False","25/03/2018 15:17:51.0000000","C:\Users\maxpowers\.rustup\toolchains\stable-x86_64-pc-windows-msvc\bin","bin (C:\Users\maxpowers\.rustup\toolchains\stable-x86_64-pc-windows-msvc)","rustc_data_structures-fa2cd4d16d90fa4b.dll","rustc_data_structures-fa2cd4d16d90fa4b.dll","rustc_data_structures-fa2cd4d16d90fa4b","C:\Users\maxpowers\.rustup\toolchains\stable-x86_64-pc-windows-msvc\bin\rustc_data_structures-fa2cd4d16d90fa4b.dll","rustc_data_structures-fa2cd4d16d90fa4b (C:\Users\maxpowers\.rustup\toolchains\stable-x86_64-pc-windows-msvc\bin)",".dll","application/x-msdownload","False","rustc_data_structures-fa2cd4d16d90fa4b.dll","1077936503","0","11/04/2018 16:16:25.2274081","0","file","C88EC11157FA40D6","804cb650-0000-0000-0000-501f00000000","Application extension","2589"
"3072F78C6DBA23F1EC74A8C95166F0F6","15124E12","rustc_driver-2041d215d85e30c3.dll","2115072","32","25/03/2018 15:35:21.0000000","11/04/2018 16:09:16.4929840","11/04/2018 16:09:16.4929840","file:C:/Users/maxpowers/.rustup/toolchains/stable-x86_64-pc-windows-msvc/bin/rustc_driver-2041d215d85e30c3.dll","bin","DESKTOP-EDSLQM8","application/x-msdownload","25/03/2018 15:35:21.0000000","25/03/2018 15:35:21.0000000","25/03/2018 15:35:21.0000000",".dll","DESKTOP-EDSLQM8\maxpowers","6","False","False","False","25/03/2018 15:35:21.0000000","C:\Users\maxpowers\.rustup\toolchains\stable-x86_64-pc-windows-msvc\bin","bin (C:\Users\maxpowers\.rustup\toolchains\stable-x86_64-pc-windows-msvc)","rustc_driver-2041d215d85e30c3.dll","rustc_driver-2041d215d85e30c3.dll","rustc_driver-2041d215d85e30c3","C:\Users\maxpowers\.rustup\toolchains\stable-x86_64-pc-windows-msvc\bin\rustc_driver-2041d215d85e30c3.dll","rustc_driver-2041d215d85e30c3 (C:\Users\maxpowers\.rustup\toolchains\stable-x86_64-pc-windows-msvc\bin)",".dll","application/x-msdownload","False","rustc_driver-2041d215d85e30c3.dll","1077936503","0","11/04/2018 16:16:25.2274081","0,015625","file","6A75270D2BEC4B43","804cb650-0000-0000-0000-501f00000000","Application extension","2590"
"A64F53F6BAB00242D6C27E333332A2C9","15124E12","rustc_errors-9a4c3829668c30e3.dll","492544","32","25/03/2018 15:18:09.0000000","11/04/2018 16:09:16.5085924","11/04/2018 16:09:16.5085924","file:C:/Users/maxpowers/.rustup/toolchains/stable-x86_64-pc-windows-msvc/bin/rustc_errors-9a4c3829668c30e3.dll","bin","DESKTOP-EDSLQM8","application/x-msdownload","25/03/2018 15:18:09.0000000","25/03/2018 15:18:09.0000000","25/03/2018 15:18:09.0000000",".dll","DESKTOP-EDSLQM8\maxpowers","6","False","False","False","25/03/2018 15:18:09.0000000","C:\Users\maxpowers\.rustup\toolchains\stable-x86_64-pc-windows-msvc\bin","bin (C:\Users\maxpowers\.rustup\toolchains\stable-x86_64-pc-windows-msvc)","rustc_errors-9a4c3829668c30e3.dll","rustc_errors-9a4c3829668c30e3.dll","rustc_errors-9a4c3829668c30e3","C:\Users\maxpowers\.rustup\toolchains\stable-x86_64-pc-windows-msvc\bin\rustc_errors-9a4c3829668c30e3.dll","rustc_errors-9a4c3829668c30e3 (C:\Users\maxpowers\.rustup\toolchains\stable-x86_64-pc-windows-msvc\bin)",".dll","application/x-msdownload","False","rustc_errors-9a4c3829668c30e3.dll","1077936503","0","11/04/2018 16:16:25.2117259","0","file","0CDA2B9ABA5434BF","804cb650-0000-0000-0000-501f00000000","Application extension","2591"
"614785569F584E4C729670D7B84E8840","15124E12","rustc_incremental-a305255808d86e02.dll","709632","32","25/03/2018 15:28:52.0000000","11/04/2018 16:09:16.5242374","11/04/2018 16:09:16.5242374","file:C:/Users/maxpowers/.rustup/toolchains/stable-x86_64-pc-windows-msvc/bin/rustc_incremental-a305255808d86e02.dll","bin","DESKTOP-EDSLQM8","application/x-msdownload","25/03/2018 15:28:52.0000000","25/03/2018 15:28:52.0000000","25/03/2018 15:28:52.0000000",".dll","DESKTOP-EDSLQM8\maxpowers","6","False","False","False","25/03/2018 15:28:52.0000000","C:\Users\maxpowers\.rustup\toolchains\stable-x86_64-pc-windows-msvc\bin","bin (C:\Users\maxpowers\.rustup\toolchains\stable-x86_64-pc-windows-msvc)","rustc_incremental-a305255808d86e02.dll","rustc_incremental-a305255808d86e02.dll","rustc_incremental-a305255808d86e02","C:\Users\maxpowers\.rustup\toolchains\stable-x86_64-pc-windows-msvc\bin\rustc_incremental-a305255808d86e02.dll","rustc_incremental-a305255808d86e02 (C:\Users\maxpowers\.rustup\toolchains\stable-x86_64-pc-windows-msvc\bin)",".dll","application/x-msdownload","False","rustc_incremental-a305255808d86e02.dll","1077936503","0","11/04/2018 16:16:25.2117259","0","file","931498B6109F5EAC","804cb650-0000-0000-0000-501f00000000","Application extension","2592"
"5F358B19F2202BCC1363BE5C94B7DD31","15124E12","rustc_lint-5bf19dbeca1f4679.dll","454144","32","25/03/2018 15:31:39.0000000","11/04/2018 16:09:16.5242374","11/04/2018 16:09:16.5242374","file:C:/Users/maxpowers/.rustup/toolchains/stable-x86_64-pc-windows-msvc/bin/rustc_lint-5bf19dbeca1f4679.dll","bin","DESKTOP-EDSLQM8","application/x-msdownload","25/03/2018 15:31:39.0000000","25/03/2018 15:31:39.0000000","25/03/2018 15:31:39.0000000",".dll","DESKTOP-EDSLQM8\maxpowers","6","False","False","False","25/03/2018 15:31:39.0000000","C:\Users\maxpowers\.rustup\toolchains\stable-x86_64-pc-windows-msvc\bin","bin (C:\Users\maxpowers\.rustup\toolchains\stable-x86_64-pc-windows-msvc)","rustc_lint-5bf19dbeca1f4679.dll","rustc_lint-5bf19dbeca1f4679.dll","rustc_lint-5bf19dbeca1f4679","C:\Users\maxpowers\.rustup\toolchains\stable-x86_64-pc-windows-msvc\bin\rustc_lint-5bf19dbeca1f4679.dll","rustc_lint-5bf19dbeca1f4679 (C:\Users\maxpowers\.rustup\toolchains\stable-x86_64-pc-windows-msvc\bin)",".dll","application/x-msdownload","False","rustc_lint-5bf19dbeca1f4679.dll","1077936503","0","11/04/2018 16:16:25.2117259","0,015625","file","188F292CC278BFCF","804cb650-0000-0000-0000-501f00000000","Application extension","2593"
"B4885D4FDA25E87F6E9C2582B914CEC5","15124E12","rustc_metadata-5f251b18555cf978.dll","2090496","32","25/03/2018 15:30:50.0000000","11/04/2018 16:09:16.5242374","11/04/2018 16:09:16.5242374","file:C:/Users/maxpowers/.rustup/toolchains/stable-x86_64-pc-windows-msvc/bin/rustc_metadata-5f251b18555cf978.dll","bin","DESKTOP-EDSLQM8","application/x-msdownload","25/03/2018 15:30:50.0000000","25/03/2018 15:30:50.0000000","25/03/2018 15:30:50.0000000",".dll","DESKTOP-EDSLQM8\maxpowers","6","False","False","False","25/03/2018 15:30:50.0000000","C:\Users\maxpowers\.rustup\toolchains\stable-x86_64-pc-windows-msvc\bin","bin (C:\Users\maxpowers\.rustup\toolchains\stable-x86_64-pc-windows-msvc)","rustc_metadata-5f251b18555cf978.dll","rustc_metadata-5f251b18555cf978.dll","rustc_metadata-5f251b18555cf978","C:\Users\maxpowers\.rustup\toolchains\stable-x86_64-pc-windows-msvc\bin\rustc_metadata-5f251b18555cf978.dll","rustc_metadata-5f251b18555cf978 (C:\Users\maxpowers\.rustup\toolchains\stable-x86_64-pc-windows-msvc\bin)",".dll","application/x-msdownload","False","rustc_metadata-5f251b18555cf978.dll","1077936503","0","11/04/2018 16:16:25.1960980","0","file","2BAFCFEF834D0E31","804cb650-0000-0000-0000-501f00000000","Application extension","2594"
"915E654D11B53090695CE319E7C67F36","15124E12","rustc_mir-91603511482466b5.dll","4810240","32","25/03/2018 15:34:03.0000000","11/04/2018 16:09:16.5398788","11/04/2018 16:09:16.5398788","file:C:/Users/maxpowers/.rustup/toolchains/stable-x86_64-pc-windows-msvc/bin/rustc_mir-91603511482466b5.dll","bin","DESKTOP-EDSLQM8","application/x-msdownload","25/03/2018 15:34:03.0000000","25/03/2018 15:34:03.0000000","25/03/2018 15:34:03.0000000",".dll","DESKTOP-EDSLQM8\maxpowers","6","False","False","False","25/03/2018 15:34:03.0000000","C:\Users\maxpowers\.rustup\toolchains\stable-x86_64-pc-windows-msvc\bin","bin (C:\Users\maxpowers\.rustup\toolchains\stable-x86_64-pc-windows-msvc)","rustc_mir-91603511482466b5.dll","rustc_mir-91603511482466b5.dll","rustc_mir-91603511482466b5","C:\Users\maxpowers\.rustup\toolchains\stable-x86_64-pc-windows-msvc\bin\rustc_mir-91603511482466b5.dll","rustc_mir-91603511482466b5 (C:\Users\maxpowers\.rustup\toolchains\stable-x86_64-pc-windows-msvc\bin)",".dll","application/x-msdownload","False","rustc_mir-91603511482466b5.dll","1077936503","0","11/04/2018 16:16:25.1960980","0","file","F110A1A04E9F9806","804cb650-0000-0000-0000-501f00000000","Application extension","2595"
"65B42926B1BFA4AE95FAAEE77FDADF4A","15124E12","rustc_passes-b44a70506773b332.dll","435200","32","25/03/2018 15:31:10.0000000","11/04/2018 16:09:16.5556677","11/04/2018 16:09:16.5556677","file:C:/Users/maxpowers/.rustup/toolchains/stable-x86_64-pc-windows-msvc/bin/rustc_passes-b44a70506773b332.dll","bin","DESKTOP-EDSLQM8","application/x-msdownload","25/03/2018 15:31:10.0000000","25/03/2018 15:31:10.0000000","25/03/2018 15:31:10.0000000",".dll","DESKTOP-EDSLQM8\maxpowers","6","False","False","False","25/03/2018 15:31:10.0000000","C:\Users\maxpowers\.rustup\toolchains\stable-x86_64-pc-windows-msvc\bin","bin (C:\Users\maxpowers\.rustup\toolchains\stable-x86_64-pc-windows-msvc)","rustc_passes-b44a70506773b332.dll","rustc_passes-b44a70506773b332.dll","rustc_passes-b44a70506773b332","C:\Users\maxpowers\.rustup\toolchains\stable-x86_64-pc-windows-msvc\bin\rustc_passes-b44a70506773b332.dll","rustc_passes-b44a70506773b332 (C:\Users\maxpowers\.rustup\toolchains\stable-x86_64-pc-windows-msvc\bin)",".dll","application/x-msdownload","False","rustc_passes-b44a70506773b332.dll","1077936503","0","11/04/2018 16:16:25.1804750","0","file","EA513CABA1F405B0","804cb650-0000-0000-0000-501f00000000","Application extension","2596"
"E298401398F5B9029DB45B015B473312","15124E12","rustc_platform_intrinsics-831f2a21dc7242de.dll","670208","32","25/03/2018 15:17:05.0000000","11/04/2018 16:09:16.5556677","11/04/2018 16:09:16.5556677","file:C:/Users/maxpowers/.rustup/toolchains/stable-x86_64-pc-windows-msvc/bin/rustc_platform_intrinsics-831f2a21dc7242de.dll","bin","DESKTOP-EDSLQM8","application/x-msdownload","25/03/2018 15:17:05.0000000","25/03/2018 15:17:05.0000000","25/03/2018 15:17:05.0000000",".dll","DESKTOP-EDSLQM8\maxpowers","6","False","False","False","25/03/2018 15:17:05.0000000","C:\Users\maxpowers\.rustup\toolchains\stable-x86_64-pc-windows-msvc\bin","bin (C:\Users\maxpowers\.rustup\toolchains\stable-x86_64-pc-windows-msvc)","rustc_platform_intrinsics-831f2a21dc7242de.dll","rustc_platform_intrinsics-831f2a21dc7242de.dll","rustc_platform_intrinsics-831f2a21dc7242de","C:\Users\maxpowers\.rustup\toolchains\stable-x86_64-pc-windows-msvc\bin\rustc_platform_intrinsics-831f2a21dc7242de.dll","rustc_platform_intrinsics-831f2a21dc7242de (C:\Users\maxpowers\.rustup\toolchains\stable-x86_64-pc-windows-msvc\bin)",".dll","application/x-msdownload","False","rustc_platform_intrinsics-831f2a21dc7242de.dll","1077936503","0","11/04/2018 16:16:25.1804750","0","file","57C8096CCC0895D9","804cb650-0000-0000-0000-501f00000000","Application extension","2597"
"8ABAF7A13147901BB60F59E404A096B7","15124E12","rustc_plugin-a50a2d33ed7ef9de.dll","208896","32","25/03/2018 15:31:44.0000000","11/04/2018 16:09:16.5712392","11/04/2018 16:09:16.5712392","file:C:/Users/maxpowers/.rustup/toolchains/stable-x86_64-pc-windows-msvc/bin/rustc_plugin-a50a2d33ed7ef9de.dll","bin","DESKTOP-EDSLQM8","application/x-msdownload","25/03/2018 15:31:44.0000000","25/03/2018 15:31:44.0000000","25/03/2018 15:31:44.0000000",".dll","DESKTOP-EDSLQM8\maxpowers","6","False","False","False","25/03/2018 15:31:44.0000000","C:\Users\maxpowers\.rustup\toolchains\stable-x86_64-pc-windows-msvc\bin","bin (C:\Users\maxpowers\.rustup\toolchains\stable-x86_64-pc-windows-msvc)","rustc_plugin-a50a2d33ed7ef9de.dll","rustc_plugin-a50a2d33ed7ef9de.dll","rustc_plugin-a50a2d33ed7ef9de","C:\Users\maxpowers\.rustup\toolchains\stable-x86_64-pc-windows-msvc\bin\rustc_plugin-a50a2d33ed7ef9de.dll","rustc_plugin-a50a2d33ed7ef9de (C:\Users\maxpowers\.rustup\toolchains\stable-x86_64-pc-windows-msvc\bin)",".dll","application/x-msdownload","False","rustc_plugin-a50a2d33ed7ef9de.dll","1077936503","0","11/04/2018 16:16:25.1804750","0,015625","file","11BE00F539D488C0","804cb650-0000-0000-0000-501f00000000","Application extension","2598"
"76C1C1B758A049DC0021F170E07AED9D","15124E12","rustc_privacy-677acfe15531df41.dll","268800","32","25/03/2018 15:30:57.0000000","11/04/2018 16:09:16.5712392","11/04/2018 16:09:16.5712392","file:C:/Users/maxpowers/.rustup/toolchains/stable-x86_64-pc-windows-msvc/bin/rustc_privacy-677acfe15531df41.dll","bin","DESKTOP-EDSLQM8","application/x-msdownload","25/03/2018 15:30:57.0000000","25/03/2018 15:30:57.0000000","25/03/2018 15:30:57.0000000",".dll","DESKTOP-EDSLQM8\maxpowers","6","False","False","False","25/03/2018 15:30:57.0000000","C:\Users\maxpowers\.rustup\toolchains\stable-x86_64-pc-windows-msvc\bin","bin (C:\Users\maxpowers\.rustup\toolchains\stable-x86_64-pc-windows-msvc)","rustc_privacy-677acfe15531df41.dll","rustc_privacy-677acfe15531df41.dll","rustc_privacy-677acfe15531df41","C:\Users\maxpowers\.rustup\toolchains\stable-x86_64-pc-windows-msvc\bin\rustc_privacy-677acfe15531df41.dll","rustc_privacy-677acfe15531df41 (C:\Users\maxpowers\.rustup\toolchains\stable-x86_64-pc-windows-msvc\bin)",".dll","application/x-msdownload","False","rustc_privacy-677acfe15531df41.dll","1077936503","0","11/04/2018 16:16:25.1493133","0,015625","file","229DD9590B6614FE","804cb650-0000-0000-0000-501f00000000","Application extension","2599"
"24B2E6EF96143722E20325CCAC546A42","15124E12","rustc_resolve-723941197630a05b.dll","1381376","32","25/03/2018 15:28:53.0000000","11/04/2018 16:09:16.5712392","11/04/2018 16:09:16.5712392","file:C:/Users/maxpowers/.rustup/toolchains/stable-x86_64-pc-windows-msvc/bin/rustc_resolve-723941197630a05b.dll","bin","DESKTOP-EDSLQM8","application/x-msdownload","25/03/2018 15:28:53.0000000","25/03/2018 15:28:53.0000000","25/03/2018 15:28:53.0000000",".dll","DESKTOP-EDSLQM8\maxpowers","6","False","False","False","25/03/2018 15:28:53.0000000","C:\Users\maxpowers\.rustup\toolchains\stable-x86_64-pc-windows-msvc\bin","bin (C:\Users\maxpowers\.rustup\toolchains\stable-x86_64-pc-windows-msvc)","rustc_resolve-723941197630a05b.dll","rustc_resolve-723941197630a05b.dll","rustc_resolve-723941197630a05b","C:\Users\maxpowers\.rustup\toolchains\stable-x86_64-pc-windows-msvc\bin\rustc_resolve-723941197630a05b.dll","rustc_resolve-723941197630a05b (C:\Users\maxpowers\.rustup\toolchains\stable-x86_64-pc-windows-msvc\bin)",".dll","application/x-msdownload","False","rustc_resolve-723941197630a05b.dll","1077936503","0","11/04/2018 16:16:25.1336071","0,015625","file","4958620A2FACF618","804cb650-0000-0000-0000-501f00000000","Application extension","2600"
"D4F266FB471B20B6F94DD6F3A847B04F","15124E12","rustc_save_analysis-c750e2d79b9a61bc.dll","1052160","32","25/03/2018 15:31:28.0000000","11/04/2018 16:09:16.5712392","11/04/2018 16:09:16.5712392","file:C:/Users/maxpowers/.rustup/toolchains/stable-x86_64-pc-windows-msvc/bin/rustc_save_analysis-c750e2d79b9a61bc.dll","bin","DESKTOP-EDSLQM8","application/x-msdownload","25/03/2018 15:31:28.0000000","25/03/2018 15:31:28.0000000","25/03/2018 15:31:28.0000000",".dll","DESKTOP-EDSLQM8\maxpowers","6","False","False","False","25/03/2018 15:31:28.0000000","C:\Users\maxpowers\.rustup\toolchains\stable-x86_64-pc-windows-msvc\bin","bin (C:\Users\maxpowers\.rustup\toolchains\stable-x86_64-pc-windows-msvc)","rustc_save_analysis-c750e2d79b9a61bc.dll","rustc_save_analysis-c750e2d79b9a61bc.dll","rustc_save_analysis-c750e2d79b9a61bc","C:\Users\maxpowers\.rustup\toolchains\stable-x86_64-pc-windows-msvc\bin\rustc_save_analysis-c750e2d79b9a61bc.dll","rustc_save_analysis-c750e2d79b9a61bc (C:\Users\maxpowers\.rustup\toolchains\stable-x86_64-pc-windows-msvc\bin)",".dll","application/x-msdownload","False","rustc_save_analysis-c750e2d79b9a61bc.dll","1077936503","0","11/04/2018 16:16:25.1180202","0","file","7194891CBD5D8D72","804cb650-0000-0000-0000-501f00000000","Application extension","2601"
"15F4E5AAFF820D464CDF69ECE57792E7","15124E12","rustc_trans_utils-888c987b42376d39.dll","342016","32","25/03/2018 15:34:13.0000000","11/04/2018 16:09:16.5867954","11/04/2018 16:09:16.5867954","file:C:/Users/maxpowers/.rustup/toolchains/stable-x86_64-pc-windows-msvc/bin/rustc_trans_utils-888c987b42376d39.dll","bin","DESKTOP-EDSLQM8","application/x-msdownload","25/03/2018 15:34:13.0000000","25/03/2018 15:34:13.0000000","25/03/2018 15:34:13.0000000",".dll","DESKTOP-EDSLQM8\maxpowers","6","False","False","False","25/03/2018 15:34:13.0000000","C:\Users\maxpowers\.rustup\toolchains\stable-x86_64-pc-windows-msvc\bin","bin (C:\Users\maxpowers\.rustup\toolchains\stable-x86_64-pc-windows-msvc)","rustc_trans_utils-888c987b42376d39.dll","rustc_trans_utils-888c987b42376d39.dll","rustc_trans_utils-888c987b42376d39","C:\Users\maxpowers\.rustup\toolchains\stable-x86_64-pc-windows-msvc\bin\rustc_trans_utils-888c987b42376d39.dll","rustc_trans_utils-888c987b42376d39 (C:\Users\maxpowers\.rustup\toolchains\stable-x86_64-pc-windows-msvc\bin)",".dll","application/x-msdownload","False","rustc_trans_utils-888c987b42376d39.dll","1077936503","0","11/04/2018 16:16:25.1180202","0,015625","file","C568B2EDE6ACECAA","804cb650-0000-0000-0000-501f00000000","Application extension","2602"
"4397FD00A451E664A75CCA1DE4B2AF21","15124E12","rustc_typeck-55d73d57765c8f2a.dll","2641920","32","25/03/2018 15:30:34.0000000","11/04/2018 16:09:16.6024935","11/04/2018 16:09:16.6024935","file:C:/Users/maxpowers/.rustup/toolchains/stable-x86_64-pc-windows-msvc/bin/rustc_typeck-55d73d57765c8f2a.dll","bin","DESKTOP-EDSLQM8","application/x-msdownload","25/03/2018 15:30:34.0000000","25/03/2018 15:30:34.0000000","25/03/2018 15:30:34.0000000",".dll","DESKTOP-EDSLQM8\maxpowers","6","False","False","False","25/03/2018 15:30:34.0000000","C:\Users\maxpowers\.rustup\toolchains\stable-x86_64-pc-windows-msvc\bin","bin (C:\Users\maxpowers\.rustup\toolchains\stable-x86_64-pc-windows-msvc)","rustc_typeck-55d73d57765c8f2a.dll","rustc_typeck-55d73d57765c8f2a.dll","rustc_typeck-55d73d57765c8f2a","C:\Users\maxpowers\.rustup\toolchains\stable-x86_64-pc-windows-msvc\bin\rustc_typeck-55d73d57765c8f2a.dll","rustc_typeck-55d73d57765c8f2a (C:\Users\maxpowers\.rustup\toolchains\stable-x86_64-pc-windows-msvc\bin)",".dll","application/x-msdownload","False","rustc_typeck-55d73d57765c8f2a.dll","1077936503","0","11/04/2018 16:16:25.1024595","0","file","45C4BA1037476E89","804cb650-0000-0000-0000-501f00000000","Application extension","2603"
"480650556BE3BA792687D169151251AB","15124E12","serialize-a29018cde7a9ef62.dll","650752","32","25/03/2018 15:17:34.0000000","11/04/2018 16:09:16.6180717","11/04/2018 16:09:16.6180717","file:C:/Users/maxpowers/.rustup/toolchains/stable-x86_64-pc-windows-msvc/bin/serialize-a29018cde7a9ef62.dll","bin","DESKTOP-EDSLQM8","application/x-msdownload","25/03/2018 15:17:34.0000000","25/03/2018 15:17:34.0000000","25/03/2018 15:17:34.0000000",".dll","DESKTOP-EDSLQM8\maxpowers","6","False","False","False","25/03/2018 15:17:34.0000000","C:\Users\maxpowers\.rustup\toolchains\stable-x86_64-pc-windows-msvc\bin","bin (C:\Users\maxpowers\.rustup\toolchains\stable-x86_64-pc-windows-msvc)","serialize-a29018cde7a9ef62.dll","serialize-a29018cde7a9ef62.dll","serialize-a29018cde7a9ef62","C:\Users\maxpowers\.rustup\toolchains\stable-x86_64-pc-windows-msvc\bin\serialize-a29018cde7a9ef62.dll","serialize-a29018cde7a9ef62 (C:\Users\maxpowers\.rustup\toolchains\stable-x86_64-pc-windows-msvc\bin)",".dll","application/x-msdownload","False","serialize-a29018cde7a9ef62.dll","1077936503","0","11/04/2018 16:16:24.9304857","0","file","27103F486FA2EB7E","804cb650-0000-0000-0000-501f00000000","Application extension","2605"
"780E4DE09066EC4EFCEB67B4704646A9","15124E12","std-1cce2a9d20ab1f24.dll","3382784","32","25/03/2018 15:16:34.0000000","11/04/2018 16:09:16.6180717","11/04/2018 16:09:16.6180717","file:C:/Users/maxpowers/.rustup/toolchains/stable-x86_64-pc-windows-msvc/bin/std-1cce2a9d20ab1f24.dll","bin","DESKTOP-EDSLQM8","application/x-msdownload","25/03/2018 15:16:34.0000000","25/03/2018 15:16:34.0000000","25/03/2018 15:16:34.0000000",".dll","DESKTOP-EDSLQM8\maxpowers","6","False","False","False","25/03/2018 15:16:34.0000000","C:\Users\maxpowers\.rustup\toolchains\stable-x86_64-pc-windows-msvc\bin","bin (C:\Users\maxpowers\.rustup\toolchains\stable-x86_64-pc-windows-msvc)","std-1cce2a9d20ab1f24.dll","std-1cce2a9d20ab1f24.dll","std-1cce2a9d20ab1f24","C:\Users\maxpowers\.rustup\toolchains\stable-x86_64-pc-windows-msvc\bin\std-1cce2a9d20ab1f24.dll","std-1cce2a9d20ab1f24 (C:\Users\maxpowers\.rustup\toolchains\stable-x86_64-pc-windows-msvc\bin)",".dll","application/x-msdownload","False","std-1cce2a9d20ab1f24.dll","1077936503","0","11/04/2018 16:16:24.9304857","0,015625","file","47F2071E2804B531","804cb650-0000-0000-0000-501f00000000","Application extension","2606"
"0ADA095B46B886A49A888F7B44AA8E43","15124E12","syntax-4996b62d03da7218.dll","6387200","32","25/03/2018 15:20:03.0000000","11/04/2018 16:09:16.6493355","11/04/2018 16:09:16.6493355","file:C:/Users/maxpowers/.rustup/toolchains/stable-x86_64-pc-windows-msvc/bin/syntax-4996b62d03da7218.dll","bin","DESKTOP-EDSLQM8","application/x-msdownload","25/03/2018 15:20:03.0000000","25/03/2018 15:20:03.0000000","25/03/2018 15:20:03.0000000",".dll","DESKTOP-EDSLQM8\maxpowers","6","False","False","False","25/03/2018 15:20:03.0000000","C:\Users\maxpowers\.rustup\toolchains\stable-x86_64-pc-windows-msvc\bin","bin (C:\Users\maxpowers\.rustup\toolchains\stable-x86_64-pc-windows-msvc)","syntax-4996b62d03da7218.dll","syntax-4996b62d03da7218.dll","syntax-4996b62d03da7218","C:\Users\maxpowers\.rustup\toolchains\stable-x86_64-pc-windows-msvc\bin\syntax-4996b62d03da7218.dll","syntax-4996b62d03da7218 (C:\Users\maxpowers\.rustup\toolchains\stable-x86_64-pc-windows-msvc\bin)",".dll","application/x-msdownload","False","syntax-4996b62d03da7218.dll","1077936503","0","11/04/2018 16:16:24.9149268","0","file","EFBF6F372064AAE8","804cb650-0000-0000-0000-501f00000000","Application extension","2607"
"64BF67681F9D30DB181260210FFADB24","15124E12","syntax_ext-ba757dbf3e87059e.dll","1017856","32","25/03/2018 15:20:44.0000000","11/04/2018 16:09:16.6830062","11/04/2018 16:09:16.6830062","file:C:/Users/maxpowers/.rustup/toolchains/stable-x86_64-pc-windows-msvc/bin/syntax_ext-ba757dbf3e87059e.dll","bin","DESKTOP-EDSLQM8","application/x-msdownload","25/03/2018 15:20:44.0000000","25/03/2018 15:20:44.0000000","25/03/2018 15:20:44.0000000",".dll","DESKTOP-EDSLQM8\maxpowers","6","False","False","False","25/03/2018 15:20:44.0000000","C:\Users\maxpowers\.rustup\toolchains\stable-x86_64-pc-windows-msvc\bin","bin (C:\Users\maxpowers\.rustup\toolchains\stable-x86_64-pc-windows-msvc)","syntax_ext-ba757dbf3e87059e.dll","syntax_ext-ba757dbf3e87059e.dll","syntax_ext-ba757dbf3e87059e","C:\Users\maxpowers\.rustup\toolchains\stable-x86_64-pc-windows-msvc\bin\syntax_ext-ba757dbf3e87059e.dll","syntax_ext-ba757dbf3e87059e (C:\Users\maxpowers\.rustup\toolchains\stable-x86_64-pc-windows-msvc\bin)",".dll","application/x-msdownload","False","syntax_ext-ba757dbf3e87059e.dll","1077936503","0","11/04/2018 16:16:24.9149268","0","file","2E924526D761B4B4","804cb650-0000-0000-0000-501f00000000","Application extension","2608"
"137B1E2AE8D2C01F1F85DE1CBE25FF78","15124E12","syntax_pos-aad3df3b0a38ce92.dll","427520","32","25/03/2018 15:17:56.0000000","11/04/2018 16:09:16.7117945","11/04/2018 16:09:16.7117945","file:C:/Users/maxpowers/.rustup/toolchains/stable-x86_64-pc-windows-msvc/bin/syntax_pos-aad3df3b0a38ce92.dll","bin","DESKTOP-EDSLQM8","application/x-msdownload","25/03/2018 15:17:56.0000000","25/03/2018 15:17:56.0000000","25/03/2018 15:17:56.0000000",".dll","DESKTOP-EDSLQM8\maxpowers","6","False","False","False","25/03/2018 15:17:56.0000000","C:\Users\maxpowers\.rustup\toolchains\stable-x86_64-pc-windows-msvc\bin","bin (C:\Users\maxpowers\.rustup\toolchains\stable-x86_64-pc-windows-msvc)","syntax_pos-aad3df3b0a38ce92.dll","syntax_pos-aad3df3b0a38ce92.dll","syntax_pos-aad3df3b0a38ce92","C:\Users\maxpowers\.rustup\toolchains\stable-x86_64-pc-windows-msvc\bin\syntax_pos-aad3df3b0a38ce92.dll","syntax_pos-aad3df3b0a38ce92 (C:\Users\maxpowers\.rustup\toolchains\stable-x86_64-pc-windows-msvc\bin)",".dll","application/x-msdownload","False","syntax_pos-aad3df3b0a38ce92.dll","1077936503","0","11/04/2018 16:16:24.9149268","0,015625","file","30918723F47A01E8","804cb650-0000-0000-0000-501f00000000","Application extension","2609"
"8CDA828B5C2836E05E4416FAC2D6C4C2","15124E12","term-b6e784933f14e088.dll","303616","32","25/03/2018 15:16:40.0000000","11/04/2018 16:09:16.7117945","11/04/2018 16:09:16.7117945","file:C:/Users/maxpowers/.rustup/toolchains/stable-x86_64-pc-windows-msvc/bin/term-b6e784933f14e088.dll","bin","DESKTOP-EDSLQM8","application/x-msdownload","25/03/2018 15:16:40.0000000","25/03/2018 15:16:40.0000000","25/03/2018 15:16:40.0000000",".dll","DESKTOP-EDSLQM8\maxpowers","6","False","False","False","25/03/2018 15:16:40.0000000","C:\Users\maxpowers\.rustup\toolchains\stable-x86_64-pc-windows-msvc\bin","bin (C:\Users\maxpowers\.rustup\toolchains\stable-x86_64-pc-windows-msvc)","term-b6e784933f14e088.dll","term-b6e784933f14e088.dll","term-b6e784933f14e088","C:\Users\maxpowers\.rustup\toolchains\stable-x86_64-pc-windows-msvc\bin\term-b6e784933f14e088.dll","term-b6e784933f14e088 (C:\Users\maxpowers\.rustup\toolchains\stable-x86_64-pc-windows-msvc\bin)",".dll","application/x-msdownload","False","term-b6e784933f14e088.dll","1077936503","0","11/04/2018 16:16:24.8992399","0","file","7FE7D095D91AC3AF","804cb650-0000-0000-0000-501f00000000","Application extension","2610"
"5CD7858764FF15FBEF8A127910755352","15124E12","test-1eff972bcfd364af.dll","574976","32","25/03/2018 15:16:50.0000000","11/04/2018 16:09:16.7274367","11/04/2018 16:09:16.7274367","file:C:/Users/maxpowers/.rustup/toolchains/stable-x86_64-pc-windows-msvc/bin/test-1eff972bcfd364af.dll","bin","DESKTOP-EDSLQM8","application/x-msdownload","25/03/2018 15:16:50.0000000","25/03/2018 15:16:50.0000000","25/03/2018 15:16:50.0000000",".dll","DESKTOP-EDSLQM8\maxpowers","6","False","False","False","25/03/2018 15:16:50.0000000","C:\Users\maxpowers\.rustup\toolchains\stable-x86_64-pc-windows-msvc\bin","bin (C:\Users\maxpowers\.rustup\toolchains\stable-x86_64-pc-windows-msvc)","test-1eff972bcfd364af.dll","test-1eff972bcfd364af.dll","test-1eff972bcfd364af","C:\Users\maxpowers\.rustup\toolchains\stable-x86_64-pc-windows-msvc\bin\test-1eff972bcfd364af.dll","test-1eff972bcfd364af (C:\Users\maxpowers\.rustup\toolchains\stable-x86_64-pc-windows-msvc\bin)",".dll","application/x-msdownload","False","test-1eff972bcfd364af.dll","1077936503","0","11/04/2018 16:16:24.8992399","0","file","B8C492702C360A4A","804cb650-0000-0000-0000-501f00000000","Application extension","2611"
"96671DFE341F2EB7A20181CBA76C1A6E","15124E12","rustc_trans-emscripten.dll","14804480","32","25/03/2018 15:42:08.0000000","11/04/2018 16:09:16.7587267","11/04/2018 16:09:16.7587267","file:C:/Users/maxpowers/.rustup/toolchains/stable-x86_64-pc-windows-msvc/lib/rustlib/x86_64-pc-windows-msvc/codegen-backends/rustc_trans-emscripten.dll","codegen-backends","DESKTOP-EDSLQM8","application/x-msdownload","25/03/2018 15:42:08.0000000","25/03/2018 15:42:08.0000000","25/03/2018 15:42:08.0000000",".dll","DESKTOP-EDSLQM8\maxpowers","6","False","False","False","25/03/2018 15:42:08.0000000","C:\Users\maxpowers\.rustup\toolchains\stable-x86_64-pc-windows-msvc\lib\rustlib\x86_64-pc-windows-msvc\codegen-backends","codegen-backends (C:\Users\maxpowers\.rustup\toolchains\stable-x86_64-pc-windows-msvc\lib\rustlib\x86_64-pc-windows-msvc)","rustc_trans-emscripten.dll","rustc_trans-emscripten.dll","rustc_trans-emscripten","C:\Users\maxpowers\.rustup\toolchains\stable-x86_64-pc-windows-msvc\lib\rustlib\x86_64-pc-windows-msvc\codegen-backends\rustc_trans-emscripten.dll","rustc_trans-emscripten (C:\Users\maxpowers\.rustup\toolchains\stable-x86_64-pc-windows-msvc\lib\rustlib\x86_64-pc-windows-msvc\codegen-backends)",".dll","application/x-msdownload","False","rustc_trans-emscripten.dll","1077936503","0","11/04/2018 16:16:24.8680959","0,015625","file","005F6F5DAF2D521E","804cb650-0000-0000-0000-501f00000000","Application extension","2620"
"04DFBFECA374941B231A688E38A66874","15124E12","rustc_trans-llvm.dll","38567936","32","25/03/2018 15:40:37.0000000","11/04/2018 16:09:16.8054969","11/04/2018 16:09:16.8054969","file:C:/Users/maxpowers/.rustup/toolchains/stable-x86_64-pc-windows-msvc/lib/rustlib/x86_64-pc-windows-msvc/codegen-backends/rustc_trans-llvm.dll","codegen-backends","DESKTOP-EDSLQM8","application/x-msdownload","25/03/2018 15:40:37.0000000","25/03/2018 15:40:37.0000000","25/03/2018 15:40:37.0000000",".dll","DESKTOP-EDSLQM8\maxpowers","6","False","False","False","25/03/2018 15:40:37.0000000","C:\Users\maxpowers\.rustup\toolchains\stable-x86_64-pc-windows-msvc\lib\rustlib\x86_64-pc-windows-msvc\codegen-backends","codegen-backends (C:\Users\maxpowers\.rustup\toolchains\stable-x86_64-pc-windows-msvc\lib\rustlib\x86_64-pc-windows-msvc)","rustc_trans-llvm.dll","rustc_trans-llvm.dll","rustc_trans-llvm","C:\Users\maxpowers\.rustup\toolchains\stable-x86_64-pc-windows-msvc\lib\rustlib\x86_64-pc-windows-msvc\codegen-backends\rustc_trans-llvm.dll","rustc_trans-llvm (C:\Users\maxpowers\.rustup\toolchains\stable-x86_64-pc-windows-msvc\lib\rustlib\x86_64-pc-windows-msvc\codegen-backends)",".dll","application/x-msdownload","False","rustc_trans-llvm.dll","1077936503","0","11/04/2018 16:16:24.4774265","0,015625","file","F991FBA25CCB93EB","804cb650-0000-0000-0000-501f00000000","Application extension","2621"
"0D4A4C8762915783C94D669B80354F9A","15124E12","arena-c2cecdfd5a2d9f1c.dll","112128","32","25/03/2018 15:16:55.0000000","11/04/2018 16:09:25.1492239","11/04/2018 16:09:25.1492239","file:C:/Users/maxpowers/.rustup/toolchains/stable-x86_64-pc-windows-msvc/lib/rustlib/x86_64-pc-windows-msvc/lib/arena-c2cecdfd5a2d9f1c.dll","lib","DESKTOP-EDSLQM8","application/x-msdownload","25/03/2018 15:16:55.0000000","25/03/2018 15:16:55.0000000","25/03/2018 15:16:55.0000000",".dll","DESKTOP-EDSLQM8\maxpowers","6","False","False","False","25/03/2018 15:16:55.0000000","C:\Users\maxpowers\.rustup\toolchains\stable-x86_64-pc-windows-msvc\lib\rustlib\x86_64-pc-windows-msvc\lib","lib (C:\Users\maxpowers\.rustup\toolchains\stable-x86_64-pc-windows-msvc\lib\rustlib\x86_64-pc-windows-msvc)","arena-c2cecdfd5a2d9f1c.dll","arena-c2cecdfd5a2d9f1c.dll","arena-c2cecdfd5a2d9f1c","C:\Users\maxpowers\.rustup\toolchains\stable-x86_64-pc-windows-msvc\lib\rustlib\x86_64-pc-windows-msvc\lib\arena-c2cecdfd5a2d9f1c.dll","arena-c2cecdfd5a2d9f1c (C:\Users\maxpowers\.rustup\toolchains\stable-x86_64-pc-windows-msvc\lib\rustlib\x86_64-pc-windows-msvc\lib)",".dll","application/x-msdownload","False","arena-c2cecdfd5a2d9f1c.dll","1077936503","0","11/04/2018 16:16:23.0711785","0","file","07E78C66219B34CB","804cb650-0000-0000-0000-501f00000000","Application extension","2757"
"770C8F63DB86B2779FD3918FCE825FC6","15124E12","fmt_macros-4c5d8e9cb89b761b.dll","136192","32","25/03/2018 15:17:33.0000000","11/04/2018 16:09:25.1492239","11/04/2018 16:09:25.1492239","file:C:/Users/maxpowers/.rustup/toolchains/stable-x86_64-pc-windows-msvc/lib/rustlib/x86_64-pc-windows-msvc/lib/fmt_macros-4c5d8e9cb89b761b.dll","lib","DESKTOP-EDSLQM8","application/x-msdownload","25/03/2018 15:17:33.0000000","25/03/2018 15:17:33.0000000","25/03/2018 15:17:33.0000000",".dll","DESKTOP-EDSLQM8\maxpowers","6","False","False","False","25/03/2018 15:17:33.0000000","C:\Users\maxpowers\.rustup\toolchains\stable-x86_64-pc-windows-msvc\lib\rustlib\x86_64-pc-windows-msvc\lib","lib (C:\Users\maxpowers\.rustup\toolchains\stable-x86_64-pc-windows-msvc\lib\rustlib\x86_64-pc-windows-msvc)","fmt_macros-4c5d8e9cb89b761b.dll","fmt_macros-4c5d8e9cb89b761b.dll","fmt_macros-4c5d8e9cb89b761b","C:\Users\maxpowers\.rustup\toolchains\stable-x86_64-pc-windows-msvc\lib\rustlib\x86_64-pc-windows-msvc\lib\fmt_macros-4c5d8e9cb89b761b.dll","fmt_macros-4c5d8e9cb89b761b (C:\Users\maxpowers\.rustup\toolchains\stable-x86_64-pc-windows-msvc\lib\rustlib\x86_64-pc-windows-msvc\lib)",".dll","application/x-msdownload","False","fmt_macros-4c5d8e9cb89b761b.dll","1077936503","0","11/04/2018 16:16:23.0398711","0,015625","file","893FBB53EAA159AF","804cb650-0000-0000-0000-501f00000000","Application extension","2759"
"62C9E55C2805FD4271E6342E739E46D3","15124E12","graphviz-2c59e020945a59b9.dll","161280","32","25/03/2018 15:17:28.0000000","11/04/2018 16:09:25.1650340","11/04/2018 16:09:25.1650340","file:C:/Users/maxpowers/.rustup/toolchains/stable-x86_64-pc-windows-msvc/lib/rustlib/x86_64-pc-windows-msvc/lib/graphviz-2c59e020945a59b9.dll","lib","DESKTOP-EDSLQM8","application/x-msdownload","25/03/2018 15:17:28.0000000","25/03/2018 15:17:28.0000000","25/03/2018 15:17:28.0000000",".dll","DESKTOP-EDSLQM8\maxpowers","6","False","False","False","25/03/2018 15:17:28.0000000","C:\Users\maxpowers\.rustup\toolchains\stable-x86_64-pc-windows-msvc\lib\rustlib\x86_64-pc-windows-msvc\lib","lib (C:\Users\maxpowers\.rustup\toolchains\stable-x86_64-pc-windows-msvc\lib\rustlib\x86_64-pc-windows-msvc)","graphviz-2c59e020945a59b9.dll","graphviz-2c59e020945a59b9.dll","graphviz-2c59e020945a59b9","C:\Users\maxpowers\.rustup\toolchains\stable-x86_64-pc-windows-msvc\lib\rustlib\x86_64-pc-windows-msvc\lib\graphviz-2c59e020945a59b9.dll","graphviz-2c59e020945a59b9 (C:\Users\maxpowers\.rustup\toolchains\stable-x86_64-pc-windows-msvc\lib\rustlib\x86_64-pc-windows-msvc\lib)",".dll","application/x-msdownload","False","graphviz-2c59e020945a59b9.dll","1077936503","0","11/04/2018 16:16:22.9930780","0,015625","file","93BAE1A39825B482","804cb650-0000-0000-0000-501f00000000","Application extension","2761"
"8B4473AF2F9212ADCE273A6F213A7061","15124E12","proc_macro-0faeed6576da7f67.dll","395264","32","25/03/2018 15:20:14.0000000","11/04/2018 16:09:25.5087391","11/04/2018 16:09:25.5087391","file:C:/Users/maxpowers/.rustup/toolchains/stable-x86_64-pc-windows-msvc/lib/rustlib/x86_64-pc-windows-msvc/lib/proc_macro-0faeed6576da7f67.dll","lib","DESKTOP-EDSLQM8","application/x-msdownload","25/03/2018 15:20:14.0000000","25/03/2018 15:20:14.0000000","25/03/2018 15:20:14.0000000",".dll","DESKTOP-EDSLQM8\maxpowers","6","False","False","False","25/03/2018 15:20:14.0000000","C:\Users\maxpowers\.rustup\toolchains\stable-x86_64-pc-windows-msvc\lib\rustlib\x86_64-pc-windows-msvc\lib","lib (C:\Users\maxpowers\.rustup\toolchains\stable-x86_64-pc-windows-msvc\lib\rustlib\x86_64-pc-windows-msvc)","proc_macro-0faeed6576da7f67.dll","proc_macro-0faeed6576da7f67.dll","proc_macro-0faeed6576da7f67","C:\Users\maxpowers\.rustup\toolchains\stable-x86_64-pc-windows-msvc\lib\rustlib\x86_64-pc-windows-msvc\lib\proc_macro-0faeed6576da7f67.dll","proc_macro-0faeed6576da7f67 (C:\Users\maxpowers\.rustup\toolchains\stable-x86_64-pc-windows-msvc\lib\rustlib\x86_64-pc-windows-msvc\lib)",".dll","application/x-msdownload","False","proc_macro-0faeed6576da7f67.dll","1077936503","0","11/04/2018 16:16:22.7586711","0","file","96FA0FDAA4E6F18E","804cb650-0000-0000-0000-501f00000000","Application extension","2807"
"C4EC2553F9EEB8BBA298FEA02C9E9C80","15124E12","rustc-2e29a1328910ac53.dll","15638528","32","25/03/2018 15:28:08.0000000","11/04/2018 16:09:25.5087391","11/04/2018 16:09:25.5087391","file:C:/Users/maxpowers/.rustup/toolchains/stable-x86_64-pc-windows-msvc/lib/rustlib/x86_64-pc-windows-msvc/lib/rustc-2e29a1328910ac53.dll","lib","DESKTOP-EDSLQM8","application/x-msdownload","25/03/2018 15:28:08.0000000","25/03/2018 15:28:08.0000000","25/03/2018 15:28:08.0000000",".dll","DESKTOP-EDSLQM8\maxpowers","6","False","False","False","25/03/2018 15:28:08.0000000","C:\Users\maxpowers\.rustup\toolchains\stable-x86_64-pc-windows-msvc\lib\rustlib\x86_64-pc-windows-msvc\lib","lib (C:\Users\maxpowers\.rustup\toolchains\stable-x86_64-pc-windows-msvc\lib\rustlib\x86_64-pc-windows-msvc)","rustc-2e29a1328910ac53.dll","rustc-2e29a1328910ac53.dll","rustc-2e29a1328910ac53","C:\Users\maxpowers\.rustup\toolchains\stable-x86_64-pc-windows-msvc\lib\rustlib\x86_64-pc-windows-msvc\lib\rustc-2e29a1328910ac53.dll","rustc-2e29a1328910ac53 (C:\Users\maxpowers\.rustup\toolchains\stable-x86_64-pc-windows-msvc\lib\rustlib\x86_64-pc-windows-msvc\lib)",".dll","application/x-msdownload","False","rustc-2e29a1328910ac53.dll","1077936503","0","11/04/2018 16:16:22.7117269","0","file","1B883CEDA3AF80C9","804cb650-0000-0000-0000-501f00000000","Application extension","2809"
"E0594DB55599ADE5AF3226AB0716E5FE","15124E12","rustc_allocator-f3896e215217966b.dll","551424","32","25/03/2018 15:29:07.0000000","11/04/2018 16:09:25.5556132","11/04/2018 16:09:25.5556132","file:C:/Users/maxpowers/.rustup/toolchains/stable-x86_64-pc-windows-msvc/lib/rustlib/x86_64-pc-windows-msvc/lib/rustc_allocator-f3896e215217966b.dll","lib","DESKTOP-EDSLQM8","application/x-msdownload","25/03/2018 15:29:07.0000000","25/03/2018 15:29:07.0000000","25/03/2018 15:29:07.0000000",".dll","DESKTOP-EDSLQM8\maxpowers","6","False","False","False","25/03/2018 15:29:07.0000000","C:\Users\maxpowers\.rustup\toolchains\stable-x86_64-pc-windows-msvc\lib\rustlib\x86_64-pc-windows-msvc\lib","lib (C:\Users\maxpowers\.rustup\toolchains\stable-x86_64-pc-windows-msvc\lib\rustlib\x86_64-pc-windows-msvc)","rustc_allocator-f3896e215217966b.dll","rustc_allocator-f3896e215217966b.dll","rustc_allocator-f3896e215217966b","C:\Users\maxpowers\.rustup\toolchains\stable-x86_64-pc-windows-msvc\lib\rustlib\x86_64-pc-windows-msvc\lib\rustc_allocator-f3896e215217966b.dll","rustc_allocator-f3896e215217966b (C:\Users\maxpowers\.rustup\toolchains\stable-x86_64-pc-windows-msvc\lib\rustlib\x86_64-pc-windows-msvc\lib)",".dll","application/x-msdownload","False","rustc_allocator-f3896e215217966b.dll","1077936503","0","11/04/2018 16:16:22.6648503","0","file","DA99237BA7D249CD","804cb650-0000-0000-0000-501f00000000","Application extension","2811"
"B4E9BFFFE7A810030A98EFEDB26AC851","15124E12","rustc_back-5476d51de620474e.dll","706560","32","25/03/2018 15:20:18.0000000","11/04/2018 16:09:25.5556132","11/04/2018 16:09:25.5556132","file:C:/Users/maxpowers/.rustup/toolchains/stable-x86_64-pc-windows-msvc/lib/rustlib/x86_64-pc-windows-msvc/lib/rustc_back-5476d51de620474e.dll","lib","DESKTOP-EDSLQM8","application/x-msdownload","25/03/2018 15:20:18.0000000","25/03/2018 15:20:18.0000000","25/03/2018 15:20:18.0000000",".dll","DESKTOP-EDSLQM8\maxpowers","6","False","False","False","25/03/2018 15:20:18.0000000","C:\Users\maxpowers\.rustup\toolchains\stable-x86_64-pc-windows-msvc\lib\rustlib\x86_64-pc-windows-msvc\lib","lib (C:\Users\maxpowers\.rustup\toolchains\stable-x86_64-pc-windows-msvc\lib\rustlib\x86_64-pc-windows-msvc)","rustc_back-5476d51de620474e.dll","rustc_back-5476d51de620474e.dll","rustc_back-5476d51de620474e","C:\Users\maxpowers\.rustup\toolchains\stable-x86_64-pc-windows-msvc\lib\rustlib\x86_64-pc-windows-msvc\lib\rustc_back-5476d51de620474e.dll","rustc_back-5476d51de620474e (C:\Users\maxpowers\.rustup\toolchains\stable-x86_64-pc-windows-msvc\lib\rustlib\x86_64-pc-windows-msvc\lib)",".dll","application/x-msdownload","False","rustc_back-5476d51de620474e.dll","1077936503","0","11/04/2018 16:16:22.6203125","0","file","A2980AF06BDA3017","804cb650-0000-0000-0000-501f00000000","Application extension","2813"
"87C124829D766B4BCC7CE0E98E4EE81D","15124E12","rustc_borrowck-d9df6656721dd7d6.dll","521216","32","25/03/2018 15:34:16.0000000","11/04/2018 16:09:25.5556132","11/04/2018 16:09:25.5556132","file:C:/Users/maxpowers/.rustup/toolchains/stable-x86_64-pc-windows-msvc/lib/rustlib/x86_64-pc-windows-msvc/lib/rustc_borrowck-d9df6656721dd7d6.dll","lib","DESKTOP-EDSLQM8","application/x-msdownload","25/03/2018 15:34:16.0000000","25/03/2018 15:34:16.0000000","25/03/2018 15:34:16.0000000",".dll","DESKTOP-EDSLQM8\maxpowers","6","False","False","False","25/03/2018 15:34:16.0000000","C:\Users\maxpowers\.rustup\toolchains\stable-x86_64-pc-windows-msvc\lib\rustlib\x86_64-pc-windows-msvc\lib","lib (C:\Users\maxpowers\.rustup\toolchains\stable-x86_64-pc-windows-msvc\lib\rustlib\x86_64-pc-windows-msvc)","rustc_borrowck-d9df6656721dd7d6.dll","rustc_borrowck-d9df6656721dd7d6.dll","rustc_borrowck-d9df6656721dd7d6","C:\Users\maxpowers\.rustup\toolchains\stable-x86_64-pc-windows-msvc\lib\rustlib\x86_64-pc-windows-msvc\lib\rustc_borrowck-d9df6656721dd7d6.dll","rustc_borrowck-d9df6656721dd7d6 (C:\Users\maxpowers\.rustup\toolchains\stable-x86_64-pc-windows-msvc\lib\rustlib\x86_64-pc-windows-msvc\lib)",".dll","application/x-msdownload","False","rustc_borrowck-d9df6656721dd7d6.dll","1077936503","0","11/04/2018 16:16:22.5711428","0","file","FF744343D1294192","804cb650-0000-0000-0000-501f00000000","Application extension","2815"
"FFF67677637BEA87D3FD571C64FFCEA7","15124E12","rustc_const_eval-89f634d4a00f7a59.dll","500736","32","25/03/2018 15:30:49.0000000","11/04/2018 16:09:25.5711546","11/04/2018 16:09:25.5711546","file:C:/Users/maxpowers/.rustup/toolchains/stable-x86_64-pc-windows-msvc/lib/rustlib/x86_64-pc-windows-msvc/lib/rustc_const_eval-89f634d4a00f7a59.dll","lib","DESKTOP-EDSLQM8","application/x-msdownload","25/03/2018 15:30:49.0000000","25/03/2018 15:30:49.0000000","25/03/2018 15:30:49.0000000",".dll","DESKTOP-EDSLQM8\maxpowers","6","False","False","False","25/03/2018 15:30:49.0000000","C:\Users\maxpowers\.rustup\toolchains\stable-x86_64-pc-windows-msvc\lib\rustlib\x86_64-pc-windows-msvc\lib","lib (C:\Users\maxpowers\.rustup\toolchains\stable-x86_64-pc-windows-msvc\lib\rustlib\x86_64-pc-windows-msvc)","rustc_const_eval-89f634d4a00f7a59.dll","rustc_const_eval-89f634d4a00f7a59.dll","rustc_const_eval-89f634d4a00f7a59","C:\Users\maxpowers\.rustup\toolchains\stable-x86_64-pc-windows-msvc\lib\rustlib\x86_64-pc-windows-msvc\lib\rustc_const_eval-89f634d4a00f7a59.dll","rustc_const_eval-89f634d4a00f7a59 (C:\Users\maxpowers\.rustup\toolchains\stable-x86_64-pc-windows-msvc\lib\rustlib\x86_64-pc-windows-msvc\lib)",".dll","application/x-msdownload","False","rustc_const_eval-89f634d4a00f7a59.dll","1077936503","0","11/04/2018 16:16:22.5242900","0,015625","file","D201640068919DF8","804cb650-0000-0000-0000-501f00000000","Application extension","2817"
"29E8FAC17286697F110A3601D2AD431B","15124E12","rustc_const_math-30bbc917995b0755.dll","305152","32","25/03/2018 15:20:08.0000000","11/04/2018 16:09:25.5711546","11/04/2018 16:09:25.5711546","file:C:/Users/maxpowers/.rustup/toolchains/stable-x86_64-pc-windows-msvc/lib/rustlib/x86_64-pc-windows-msvc/lib/rustc_const_math-30bbc917995b0755.dll","lib","DESKTOP-EDSLQM8","application/x-msdownload","25/03/2018 15:20:08.0000000","25/03/2018 15:20:08.0000000","25/03/2018 15:20:08.0000000",".dll","DESKTOP-EDSLQM8\maxpowers","6","False","False","False","25/03/2018 15:20:08.0000000","C:\Users\maxpowers\.rustup\toolchains\stable-x86_64-pc-windows-msvc\lib\rustlib\x86_64-pc-windows-msvc\lib","lib (C:\Users\maxpowers\.rustup\toolchains\stable-x86_64-pc-windows-msvc\lib\rustlib\x86_64-pc-windows-msvc)","rustc_const_math-30bbc917995b0755.dll","rustc_const_math-30bbc917995b0755.dll","rustc_const_math-30bbc917995b0755","C:\Users\maxpowers\.rustup\toolchains\stable-x86_64-pc-windows-msvc\lib\rustlib\x86_64-pc-windows-msvc\lib\rustc_const_math-30bbc917995b0755.dll","rustc_const_math-30bbc917995b0755 (C:\Users\maxpowers\.rustup\toolchains\stable-x86_64-pc-windows-msvc\lib\rustlib\x86_64-pc-windows-msvc\lib)",".dll","application/x-msdownload","False","rustc_const_math-30bbc917995b0755.dll","1077936503","0","11/04/2018 16:16:22.4774256","0,015625","file","5B78055D752B0B61","804cb650-0000-0000-0000-501f00000000","Application extension","2819"
"1C0ED841CDB0CC9EE0EA96BD78F11312","15124E12","rustc_cratesio_shim-780e645462f0cd07.dll","89088","32","25/03/2018 15:17:36.0000000","11/04/2018 16:09:25.5867909","11/04/2018 16:09:25.5867909","file:C:/Users/maxpowers/.rustup/toolchains/stable-x86_64-pc-windows-msvc/lib/rustlib/x86_64-pc-windows-msvc/lib/rustc_cratesio_shim-780e645462f0cd07.dll","lib","DESKTOP-EDSLQM8","application/x-msdownload","25/03/2018 15:17:36.0000000","25/03/2018 15:17:36.0000000","25/03/2018 15:17:36.0000000",".dll","DESKTOP-EDSLQM8\maxpowers","6","False","False","False","25/03/2018 15:17:36.0000000","C:\Users\maxpowers\.rustup\toolchains\stable-x86_64-pc-windows-msvc\lib\rustlib\x86_64-pc-windows-msvc\lib","lib (C:\Users\maxpowers\.rustup\toolchains\stable-x86_64-pc-windows-msvc\lib\rustlib\x86_64-pc-windows-msvc)","rustc_cratesio_shim-780e645462f0cd07.dll","rustc_cratesio_shim-780e645462f0cd07.dll","rustc_cratesio_shim-780e645462f0cd07","C:\Users\maxpowers\.rustup\toolchains\stable-x86_64-pc-windows-msvc\lib\rustlib\x86_64-pc-windows-msvc\lib\rustc_cratesio_shim-780e645462f0cd07.dll","rustc_cratesio_shim-780e645462f0cd07 (C:\Users\maxpowers\.rustup\toolchains\stable-x86_64-pc-windows-msvc\lib\rustlib\x86_64-pc-windows-msvc\lib)",".dll","application/x-msdownload","False","rustc_cratesio_shim-780e645462f0cd07.dll","1077936503","0","11/04/2018 16:16:22.4305227","0,015625","file","C5E55425E9AA777D","804cb650-0000-0000-0000-501f00000000","Application extension","2821"
"237EFCD8CD98B0338FF58B81BE51ED8C","15124E12","rustc_data_structures-fa2cd4d16d90fa4b.dll","2380800","32","25/03/2018 15:17:51.0000000","11/04/2018 16:09:25.5867909","11/04/2018 16:09:25.5867909","file:C:/Users/maxpowers/.rustup/toolchains/stable-x86_64-pc-windows-msvc/lib/rustlib/x86_64-pc-windows-msvc/lib/rustc_data_structures-fa2cd4d16d90fa4b.dll","lib","DESKTOP-EDSLQM8","application/x-msdownload","25/03/2018 15:17:51.0000000","25/03/2018 15:17:51.0000000","25/03/2018 15:17:51.0000000",".dll","DESKTOP-EDSLQM8\maxpowers","6","False","False","False","25/03/2018 15:17:51.0000000","C:\Users\maxpowers\.rustup\toolchains\stable-x86_64-pc-windows-msvc\lib\rustlib\x86_64-pc-windows-msvc\lib","lib (C:\Users\maxpowers\.rustup\toolchains\stable-x86_64-pc-windows-msvc\lib\rustlib\x86_64-pc-windows-msvc)","rustc_data_structures-fa2cd4d16d90fa4b.dll","rustc_data_structures-fa2cd4d16d90fa4b.dll","rustc_data_structures-fa2cd4d16d90fa4b","C:\Users\maxpowers\.rustup\toolchains\stable-x86_64-pc-windows-msvc\lib\rustlib\x86_64-pc-windows-msvc\lib\rustc_data_structures-fa2cd4d16d90fa4b.dll","rustc_data_structures-fa2cd4d16d90fa4b (C:\Users\maxpowers\.rustup\toolchains\stable-x86_64-pc-windows-msvc\lib\rustlib\x86_64-pc-windows-msvc\lib)",".dll","application/x-msdownload","False","rustc_data_structures-fa2cd4d16d90fa4b.dll","1077936503","0","11/04/2018 16:16:22.3837025","0","file","539860666C250424","804cb650-0000-0000-0000-501f00000000","Application extension","2823"
"3072F78C6DBA23F1EC74A8C95166F0F6","15124E12","rustc_driver-2041d215d85e30c3.dll","2115072","32","25/03/2018 15:35:21.0000000","11/04/2018 16:09:25.6024253","11/04/2018 16:09:25.6024253","file:C:/Users/maxpowers/.rustup/toolchains/stable-x86_64-pc-windows-msvc/lib/rustlib/x86_64-pc-windows-msvc/lib/rustc_driver-2041d215d85e30c3.dll","lib","DESKTOP-EDSLQM8","application/x-msdownload","25/03/2018 15:35:21.0000000","25/03/2018 15:35:21.0000000","25/03/2018 15:35:21.0000000",".dll","DESKTOP-EDSLQM8\maxpowers","6","False","False","False","25/03/2018 15:35:21.0000000","C:\Users\maxpowers\.rustup\toolchains\stable-x86_64-pc-windows-msvc\lib\rustlib\x86_64-pc-windows-msvc\lib","lib (C:\Users\maxpowers\.rustup\toolchains\stable-x86_64-pc-windows-msvc\lib\rustlib\x86_64-pc-windows-msvc)","rustc_driver-2041d215d85e30c3.dll","rustc_driver-2041d215d85e30c3.dll","rustc_driver-2041d215d85e30c3","C:\Users\maxpowers\.rustup\toolchains\stable-x86_64-pc-windows-msvc\lib\rustlib\x86_64-pc-windows-msvc\lib\rustc_driver-2041d215d85e30c3.dll","rustc_driver-2041d215d85e30c3 (C:\Users\maxpowers\.rustup\toolchains\stable-x86_64-pc-windows-msvc\lib\rustlib\x86_64-pc-windows-msvc\lib)",".dll","application/x-msdownload","False","rustc_driver-2041d215d85e30c3.dll","1077936503","0","11/04/2018 16:16:22.3210991","0","file","C274969FFE8CEE02","804cb650-0000-0000-0000-501f00000000","Application extension","2825"
"A64F53F6BAB00242D6C27E333332A2C9","15124E12","rustc_errors-9a4c3829668c30e3.dll","492544","32","25/03/2018 15:18:09.0000000","11/04/2018 16:09:25.6180566","11/04/2018 16:09:25.6180566","file:C:/Users/maxpowers/.rustup/toolchains/stable-x86_64-pc-windows-msvc/lib/rustlib/x86_64-pc-windows-msvc/lib/rustc_errors-9a4c3829668c30e3.dll","lib","DESKTOP-EDSLQM8","application/x-msdownload","25/03/2018 15:18:09.0000000","25/03/2018 15:18:09.0000000","25/03/2018 15:18:09.0000000",".dll","DESKTOP-EDSLQM8\maxpowers","6","False","False","False","25/03/2018 15:18:09.0000000","C:\Users\maxpowers\.rustup\toolchains\stable-x86_64-pc-windows-msvc\lib\rustlib\x86_64-pc-windows-msvc\lib","lib (C:\Users\maxpowers\.rustup\toolchains\stable-x86_64-pc-windows-msvc\lib\rustlib\x86_64-pc-windows-msvc)","rustc_errors-9a4c3829668c30e3.dll","rustc_errors-9a4c3829668c30e3.dll","rustc_errors-9a4c3829668c30e3","C:\Users\maxpowers\.rustup\toolchains\stable-x86_64-pc-windows-msvc\lib\rustlib\x86_64-pc-windows-msvc\lib\rustc_errors-9a4c3829668c30e3.dll","rustc_errors-9a4c3829668c30e3 (C:\Users\maxpowers\.rustup\toolchains\stable-x86_64-pc-windows-msvc\lib\rustlib\x86_64-pc-windows-msvc\lib)",".dll","application/x-msdownload","False","rustc_errors-9a4c3829668c30e3.dll","1077936503","0","11/04/2018 16:16:22.2742358","0","file","7E15DE1E18D04AA6","804cb650-0000-0000-0000-501f00000000","Application extension","2827"
"614785569F584E4C729670D7B84E8840","15124E12","rustc_incremental-a305255808d86e02.dll","709632","32","25/03/2018 15:28:52.0000000","11/04/2018 16:09:25.6180566","11/04/2018 16:09:25.6180566","file:C:/Users/maxpowers/.rustup/toolchains/stable-x86_64-pc-windows-msvc/lib/rustlib/x86_64-pc-windows-msvc/lib/rustc_incremental-a305255808d86e02.dll","lib","DESKTOP-EDSLQM8","application/x-msdownload","25/03/2018 15:28:52.0000000","25/03/2018 15:28:52.0000000","25/03/2018 15:28:52.0000000",".dll","DESKTOP-EDSLQM8\maxpowers","6","False","False","False","25/03/2018 15:28:52.0000000","C:\Users\maxpowers\.rustup\toolchains\stable-x86_64-pc-windows-msvc\lib\rustlib\x86_64-pc-windows-msvc\lib","lib (C:\Users\maxpowers\.rustup\toolchains\stable-x86_64-pc-windows-msvc\lib\rustlib\x86_64-pc-windows-msvc)","rustc_incremental-a305255808d86e02.dll","rustc_incremental-a305255808d86e02.dll","rustc_incremental-a305255808d86e02","C:\Users\maxpowers\.rustup\toolchains\stable-x86_64-pc-windows-msvc\lib\rustlib\x86_64-pc-windows-msvc\lib\rustc_incremental-a305255808d86e02.dll","rustc_incremental-a305255808d86e02 (C:\Users\maxpowers\.rustup\toolchains\stable-x86_64-pc-windows-msvc\lib\rustlib\x86_64-pc-windows-msvc\lib)",".dll","application/x-msdownload","False","rustc_incremental-a305255808d86e02.dll","1077936503","0","11/04/2018 16:16:22.2274346","0,015625","file","A46843E6E20533CF","804cb650-0000-0000-0000-501f00000000","Application extension","2829"
"5F358B19F2202BCC1363BE5C94B7DD31","15124E12","rustc_lint-5bf19dbeca1f4679.dll","454144","32","25/03/2018 15:31:39.0000000","11/04/2018 16:09:25.6337997","11/04/2018 16:09:25.6337997","file:C:/Users/maxpowers/.rustup/toolchains/stable-x86_64-pc-windows-msvc/lib/rustlib/x86_64-pc-windows-msvc/lib/rustc_lint-5bf19dbeca1f4679.dll","lib","DESKTOP-EDSLQM8","application/x-msdownload","25/03/2018 15:31:39.0000000","25/03/2018 15:31:39.0000000","25/03/2018 15:31:39.0000000",".dll","DESKTOP-EDSLQM8\maxpowers","6","False","False","False","25/03/2018 15:31:39.0000000","C:\Users\maxpowers\.rustup\toolchains\stable-x86_64-pc-windows-msvc\lib\rustlib\x86_64-pc-windows-msvc\lib","lib (C:\Users\maxpowers\.rustup\toolchains\stable-x86_64-pc-windows-msvc\lib\rustlib\x86_64-pc-windows-msvc)","rustc_lint-5bf19dbeca1f4679.dll","rustc_lint-5bf19dbeca1f4679.dll","rustc_lint-5bf19dbeca1f4679","C:\Users\maxpowers\.rustup\toolchains\stable-x86_64-pc-windows-msvc\lib\rustlib\x86_64-pc-windows-msvc\lib\rustc_lint-5bf19dbeca1f4679.dll","rustc_lint-5bf19dbeca1f4679 (C:\Users\maxpowers\.rustup\toolchains\stable-x86_64-pc-windows-msvc\lib\rustlib\x86_64-pc-windows-msvc\lib)",".dll","application/x-msdownload","False","rustc_lint-5bf19dbeca1f4679.dll","1077936503","0","11/04/2018 16:16:22.1805337","0,03125","file","291203EAEB474035","804cb650-0000-0000-0000-501f00000000","Application extension","2831"
"B4885D4FDA25E87F6E9C2582B914CEC5","15124E12","rustc_metadata-5f251b18555cf978.dll","2090496","32","25/03/2018 15:30:50.0000000","11/04/2018 16:09:25.6337997","11/04/2018 16:09:25.6337997","file:C:/Users/maxpowers/.rustup/toolchains/stable-x86_64-pc-windows-msvc/lib/rustlib/x86_64-pc-windows-msvc/lib/rustc_metadata-5f251b18555cf978.dll","lib","DESKTOP-EDSLQM8","application/x-msdownload","25/03/2018 15:30:50.0000000","25/03/2018 15:30:50.0000000","25/03/2018 15:30:50.0000000",".dll","DESKTOP-EDSLQM8\maxpowers","6","False","False","False","25/03/2018 15:30:50.0000000","C:\Users\maxpowers\.rustup\toolchains\stable-x86_64-pc-windows-msvc\lib\rustlib\x86_64-pc-windows-msvc\lib","lib (C:\Users\maxpowers\.rustup\toolchains\stable-x86_64-pc-windows-msvc\lib\rustlib\x86_64-pc-windows-msvc)","rustc_metadata-5f251b18555cf978.dll","rustc_metadata-5f251b18555cf978.dll","rustc_metadata-5f251b18555cf978","C:\Users\maxpowers\.rustup\toolchains\stable-x86_64-pc-windows-msvc\lib\rustlib\x86_64-pc-windows-msvc\lib\rustc_metadata-5f251b18555cf978.dll","rustc_metadata-5f251b18555cf978 (C:\Users\maxpowers\.rustup\toolchains\stable-x86_64-pc-windows-msvc\lib\rustlib\x86_64-pc-windows-msvc\lib)",".dll","application/x-msdownload","False","rustc_metadata-5f251b18555cf978.dll","1077936503","0","11/04/2018 16:16:22.1180769","0","file","E68C02AC1AF580B7","804cb650-0000-0000-0000-501f00000000","Application extension","2833"
"915E654D11B53090695CE319E7C67F36","15124E12","rustc_mir-91603511482466b5.dll","4810240","32","25/03/2018 15:34:03.0000000","11/04/2018 16:09:25.6492815","11/04/2018 16:09:25.6492815","file:C:/Users/maxpowers/.rustup/toolchains/stable-x86_64-pc-windows-msvc/lib/rustlib/x86_64-pc-windows-msvc/lib/rustc_mir-91603511482466b5.dll","lib","DESKTOP-EDSLQM8","application/x-msdownload","25/03/2018 15:34:03.0000000","25/03/2018 15:34:03.0000000","25/03/2018 15:34:03.0000000",".dll","DESKTOP-EDSLQM8\maxpowers","6","False","False","False","25/03/2018 15:34:03.0000000","C:\Users\maxpowers\.rustup\toolchains\stable-x86_64-pc-windows-msvc\lib\rustlib\x86_64-pc-windows-msvc\lib","lib (C:\Users\maxpowers\.rustup\toolchains\stable-x86_64-pc-windows-msvc\lib\rustlib\x86_64-pc-windows-msvc)","rustc_mir-91603511482466b5.dll","rustc_mir-91603511482466b5.dll","rustc_mir-91603511482466b5","C:\Users\maxpowers\.rustup\toolchains\stable-x86_64-pc-windows-msvc\lib\rustlib\x86_64-pc-windows-msvc\lib\rustc_mir-91603511482466b5.dll","rustc_mir-91603511482466b5 (C:\Users\maxpowers\.rustup\toolchains\stable-x86_64-pc-windows-msvc\lib\rustlib\x86_64-pc-windows-msvc\lib)",".dll","application/x-msdownload","False","rustc_mir-91603511482466b5.dll","1077936503","0","11/04/2018 16:16:22.0712491","0","file","4605F5559A8226CF","804cb650-0000-0000-0000-501f00000000","Application extension","2835"
"65B42926B1BFA4AE95FAAEE77FDADF4A","15124E12","rustc_passes-b44a70506773b332.dll","435200","32","25/03/2018 15:31:10.0000000","11/04/2018 16:09:25.6963124","11/04/2018 16:09:25.6963124","file:C:/Users/maxpowers/.rustup/toolchains/stable-x86_64-pc-windows-msvc/lib/rustlib/x86_64-pc-windows-msvc/lib/rustc_passes-b44a70506773b332.dll","lib","DESKTOP-EDSLQM8","application/x-msdownload","25/03/2018 15:31:10.0000000","25/03/2018 15:31:10.0000000","25/03/2018 15:31:10.0000000",".dll","DESKTOP-EDSLQM8\maxpowers","6","False","False","False","25/03/2018 15:31:10.0000000","C:\Users\maxpowers\.rustup\toolchains\stable-x86_64-pc-windows-msvc\lib\rustlib\x86_64-pc-windows-msvc\lib","lib (C:\Users\maxpowers\.rustup\toolchains\stable-x86_64-pc-windows-msvc\lib\rustlib\x86_64-pc-windows-msvc)","rustc_passes-b44a70506773b332.dll","rustc_passes-b44a70506773b332.dll","rustc_passes-b44a70506773b332","C:\Users\maxpowers\.rustup\toolchains\stable-x86_64-pc-windows-msvc\lib\rustlib\x86_64-pc-windows-msvc\lib\rustc_passes-b44a70506773b332.dll","rustc_passes-b44a70506773b332 (C:\Users\maxpowers\.rustup\toolchains\stable-x86_64-pc-windows-msvc\lib\rustlib\x86_64-pc-windows-msvc\lib)",".dll","application/x-msdownload","False","rustc_passes-b44a70506773b332.dll","1077936503","0","11/04/2018 16:16:22.0242496","0,015625","file","C7762FEE5FAD2350","804cb650-0000-0000-0000-501f00000000","Application extension","2837"
"E298401398F5B9029DB45B015B473312","15124E12","rustc_platform_intrinsics-831f2a21dc7242de.dll","670208","32","25/03/2018 15:17:05.0000000","11/04/2018 16:09:25.6963124","11/04/2018 16:09:25.6963124","file:C:/Users/maxpowers/.rustup/toolchains/stable-x86_64-pc-windows-msvc/lib/rustlib/x86_64-pc-windows-msvc/lib/rustc_platform_intrinsics-831f2a21dc7242de.dll","lib","DESKTOP-EDSLQM8","application/x-msdownload","25/03/2018 15:17:05.0000000","25/03/2018 15:17:05.0000000","25/03/2018 15:17:05.0000000",".dll","DESKTOP-EDSLQM8\maxpowers","6","False","False","False","25/03/2018 15:17:05.0000000","C:\Users\maxpowers\.rustup\toolchains\stable-x86_64-pc-windows-msvc\lib\rustlib\x86_64-pc-windows-msvc\lib","lib (C:\Users\maxpowers\.rustup\toolchains\stable-x86_64-pc-windows-msvc\lib\rustlib\x86_64-pc-windows-msvc)","rustc_platform_intrinsics-831f2a21dc7242de.dll","rustc_platform_intrinsics-831f2a21dc7242de.dll","rustc_platform_intrinsics-831f2a21dc7242de","C:\Users\maxpowers\.rustup\toolchains\stable-x86_64-pc-windows-msvc\lib\rustlib\x86_64-pc-windows-msvc\lib\rustc_platform_intrinsics-831f2a21dc7242de.dll","rustc_platform_intrinsics-831f2a21dc7242de (C:\Users\maxpowers\.rustup\toolchains\stable-x86_64-pc-windows-msvc\lib\rustlib\x86_64-pc-windows-msvc\lib)",".dll","application/x-msdownload","False","rustc_platform_intrinsics-831f2a21dc7242de.dll","1077936503","0","11/04/2018 16:16:21.9774146","0,015625","file","08F1935F99B3D85A","804cb650-0000-0000-0000-501f00000000","Application extension","2839"
"8ABAF7A13147901BB60F59E404A096B7","15124E12","rustc_plugin-a50a2d33ed7ef9de.dll","208896","32","25/03/2018 15:31:44.0000000","11/04/2018 16:09:25.7120258","11/04/2018 16:09:25.7120258","file:C:/Users/maxpowers/.rustup/toolchains/stable-x86_64-pc-windows-msvc/lib/rustlib/x86_64-pc-windows-msvc/lib/rustc_plugin-a50a2d33ed7ef9de.dll","lib","DESKTOP-EDSLQM8","application/x-msdownload","25/03/2018 15:31:44.0000000","25/03/2018 15:31:44.0000000","25/03/2018 15:31:44.0000000",".dll","DESKTOP-EDSLQM8\maxpowers","6","False","False","False","25/03/2018 15:31:44.0000000","C:\Users\maxpowers\.rustup\toolchains\stable-x86_64-pc-windows-msvc\lib\rustlib\x86_64-pc-windows-msvc\lib","lib (C:\Users\maxpowers\.rustup\toolchains\stable-x86_64-pc-windows-msvc\lib\rustlib\x86_64-pc-windows-msvc)","rustc_plugin-a50a2d33ed7ef9de.dll","rustc_plugin-a50a2d33ed7ef9de.dll","rustc_plugin-a50a2d33ed7ef9de","C:\Users\maxpowers\.rustup\toolchains\stable-x86_64-pc-windows-msvc\lib\rustlib\x86_64-pc-windows-msvc\lib\rustc_plugin-a50a2d33ed7ef9de.dll","rustc_plugin-a50a2d33ed7ef9de (C:\Users\maxpowers\.rustup\toolchains\stable-x86_64-pc-windows-msvc\lib\rustlib\x86_64-pc-windows-msvc\lib)",".dll","application/x-msdownload","False","rustc_plugin-a50a2d33ed7ef9de.dll","1077936503","0","11/04/2018 16:16:21.9149156","0","file","109B9B9D3D86C517","804cb650-0000-0000-0000-501f00000000","Application extension","2841"
"76C1C1B758A049DC0021F170E07AED9D","15124E12","rustc_privacy-677acfe15531df41.dll","268800","32","25/03/2018 15:30:57.0000000","11/04/2018 16:09:25.7120258","11/04/2018 16:09:25.7120258","file:C:/Users/maxpowers/.rustup/toolchains/stable-x86_64-pc-windows-msvc/lib/rustlib/x86_64-pc-windows-msvc/lib/rustc_privacy-677acfe15531df41.dll","lib","DESKTOP-EDSLQM8","application/x-msdownload","25/03/2018 15:30:57.0000000","25/03/2018 15:30:57.0000000","25/03/2018 15:30:57.0000000",".dll","DESKTOP-EDSLQM8\maxpowers","6","False","False","False","25/03/2018 15:30:57.0000000","C:\Users\maxpowers\.rustup\toolchains\stable-x86_64-pc-windows-msvc\lib\rustlib\x86_64-pc-windows-msvc\lib","lib (C:\Users\maxpowers\.rustup\toolchains\stable-x86_64-pc-windows-msvc\lib\rustlib\x86_64-pc-windows-msvc)","rustc_privacy-677acfe15531df41.dll","rustc_privacy-677acfe15531df41.dll","rustc_privacy-677acfe15531df41","C:\Users\maxpowers\.rustup\toolchains\stable-x86_64-pc-windows-msvc\lib\rustlib\x86_64-pc-windows-msvc\lib\rustc_privacy-677acfe15531df41.dll","rustc_privacy-677acfe15531df41 (C:\Users\maxpowers\.rustup\toolchains\stable-x86_64-pc-windows-msvc\lib\rustlib\x86_64-pc-windows-msvc\lib)",".dll","application/x-msdownload","False","rustc_privacy-677acfe15531df41.dll","1077936503","0","11/04/2018 16:16:21.8680613","0","file","A51BAFB647CDDB04","804cb650-0000-0000-0000-501f00000000","Application extension","2843"
"24B2E6EF96143722E20325CCAC546A42","15124E12","rustc_resolve-723941197630a05b.dll","1381376","32","25/03/2018 15:28:53.0000000","11/04/2018 16:09:25.7274789","11/04/2018 16:09:25.7274789","file:C:/Users/maxpowers/.rustup/toolchains/stable-x86_64-pc-windows-msvc/lib/rustlib/x86_64-pc-windows-msvc/lib/rustc_resolve-723941197630a05b.dll","lib","DESKTOP-EDSLQM8","application/x-msdownload","25/03/2018 15:28:53.0000000","25/03/2018 15:28:53.0000000","25/03/2018 15:28:53.0000000",".dll","DESKTOP-EDSLQM8\maxpowers","6","False","False","False","25/03/2018 15:28:53.0000000","C:\Users\maxpowers\.rustup\toolchains\stable-x86_64-pc-windows-msvc\lib\rustlib\x86_64-pc-windows-msvc\lib","lib (C:\Users\maxpowers\.rustup\toolchains\stable-x86_64-pc-windows-msvc\lib\rustlib\x86_64-pc-windows-msvc)","rustc_resolve-723941197630a05b.dll","rustc_resolve-723941197630a05b.dll","rustc_resolve-723941197630a05b","C:\Users\maxpowers\.rustup\toolchains\stable-x86_64-pc-windows-msvc\lib\rustlib\x86_64-pc-windows-msvc\lib\rustc_resolve-723941197630a05b.dll","rustc_resolve-723941197630a05b (C:\Users\maxpowers\.rustup\toolchains\stable-x86_64-pc-windows-msvc\lib\rustlib\x86_64-pc-windows-msvc\lib)",".dll","application/x-msdownload","False","rustc_resolve-723941197630a05b.dll","1077936503","0","11/04/2018 16:16:21.8211914","0,03125","file","0A4BA89B32DC89CC","804cb650-0000-0000-0000-501f00000000","Application extension","2845"
"D4F266FB471B20B6F94DD6F3A847B04F","15124E12","rustc_save_analysis-c750e2d79b9a61bc.dll","1052160","32","25/03/2018 15:31:28.0000000","11/04/2018 16:09:25.7274789","11/04/2018 16:09:25.7274789","file:C:/Users/maxpowers/.rustup/toolchains/stable-x86_64-pc-windows-msvc/lib/rustlib/x86_64-pc-windows-msvc/lib/rustc_save_analysis-c750e2d79b9a61bc.dll","lib","DESKTOP-EDSLQM8","application/x-msdownload","25/03/2018 15:31:28.0000000","25/03/2018 15:31:28.0000000","25/03/2018 15:31:28.0000000",".dll","DESKTOP-EDSLQM8\maxpowers","6","False","False","False","25/03/2018 15:31:28.0000000","C:\Users\maxpowers\.rustup\toolchains\stable-x86_64-pc-windows-msvc\lib\rustlib\x86_64-pc-windows-msvc\lib","lib (C:\Users\maxpowers\.rustup\toolchains\stable-x86_64-pc-windows-msvc\lib\rustlib\x86_64-pc-windows-msvc)","rustc_save_analysis-c750e2d79b9a61bc.dll","rustc_save_analysis-c750e2d79b9a61bc.dll","rustc_save_analysis-c750e2d79b9a61bc","C:\Users\maxpowers\.rustup\toolchains\stable-x86_64-pc-windows-msvc\lib\rustlib\x86_64-pc-windows-msvc\lib\rustc_save_analysis-c750e2d79b9a61bc.dll","rustc_save_analysis-c750e2d79b9a61bc (C:\Users\maxpowers\.rustup\toolchains\stable-x86_64-pc-windows-msvc\lib\rustlib\x86_64-pc-windows-msvc\lib)",".dll","application/x-msdownload","False","rustc_save_analysis-c750e2d79b9a61bc.dll","1077936503","0","11/04/2018 16:16:21.7743656","0","file","AD64F7B6A00B3C21","804cb650-0000-0000-0000-501f00000000","Application extension","2847"
"15F4E5AAFF820D464CDF69ECE57792E7","15124E12","rustc_trans_utils-888c987b42376d39.dll","342016","32","25/03/2018 15:34:13.0000000","11/04/2018 16:09:25.8213950","11/04/2018 16:09:25.8213950","file:C:/Users/maxpowers/.rustup/toolchains/stable-x86_64-pc-windows-msvc/lib/rustlib/x86_64-pc-windows-msvc/lib/rustc_trans_utils-888c987b42376d39.dll","lib","DESKTOP-EDSLQM8","application/x-msdownload","25/03/2018 15:34:13.0000000","25/03/2018 15:34:13.0000000","25/03/2018 15:34:13.0000000",".dll","DESKTOP-EDSLQM8\maxpowers","6","False","False","False","25/03/2018 15:34:13.0000000","C:\Users\maxpowers\.rustup\toolchains\stable-x86_64-pc-windows-msvc\lib\rustlib\x86_64-pc-windows-msvc\lib","lib (C:\Users\maxpowers\.rustup\toolchains\stable-x86_64-pc-windows-msvc\lib\rustlib\x86_64-pc-windows-msvc)","rustc_trans_utils-888c987b42376d39.dll","rustc_trans_utils-888c987b42376d39.dll","rustc_trans_utils-888c987b42376d39","C:\Users\maxpowers\.rustup\toolchains\stable-x86_64-pc-windows-msvc\lib\rustlib\x86_64-pc-windows-msvc\lib\rustc_trans_utils-888c987b42376d39.dll","rustc_trans_utils-888c987b42376d39 (C:\Users\maxpowers\.rustup\toolchains\stable-x86_64-pc-windows-msvc\lib\rustlib\x86_64-pc-windows-msvc\lib)",".dll","application/x-msdownload","False","rustc_trans_utils-888c987b42376d39.dll","1077936503","0","11/04/2018 16:16:21.7274557","0","file","C19E8D03A05D84B2","804cb650-0000-0000-0000-501f00000000","Application extension","2849"
"4397FD00A451E664A75CCA1DE4B2AF21","15124E12","rustc_typeck-55d73d57765c8f2a.dll","2641920","32","25/03/2018 15:30:34.0000000","11/04/2018 16:09:25.8839499","11/04/2018 16:09:25.8839499","file:C:/Users/maxpowers/.rustup/toolchains/stable-x86_64-pc-windows-msvc/lib/rustlib/x86_64-pc-windows-msvc/lib/rustc_typeck-55d73d57765c8f2a.dll","lib","DESKTOP-EDSLQM8","application/x-msdownload","25/03/2018 15:30:34.0000000","25/03/2018 15:30:34.0000000","25/03/2018 15:30:34.0000000",".dll","DESKTOP-EDSLQM8\maxpowers","6","False","False","False","25/03/2018 15:30:34.0000000","C:\Users\maxpowers\.rustup\toolchains\stable-x86_64-pc-windows-msvc\lib\rustlib\x86_64-pc-windows-msvc\lib","lib (C:\Users\maxpowers\.rustup\toolchains\stable-x86_64-pc-windows-msvc\lib\rustlib\x86_64-pc-windows-msvc)","rustc_typeck-55d73d57765c8f2a.dll","rustc_typeck-55d73d57765c8f2a.dll","rustc_typeck-55d73d57765c8f2a","C:\Users\maxpowers\.rustup\toolchains\stable-x86_64-pc-windows-msvc\lib\rustlib\x86_64-pc-windows-msvc\lib\rustc_typeck-55d73d57765c8f2a.dll","rustc_typeck-55d73d57765c8f2a (C:\Users\maxpowers\.rustup\toolchains\stable-x86_64-pc-windows-msvc\lib\rustlib\x86_64-pc-windows-msvc\lib)",".dll","application/x-msdownload","False","rustc_typeck-55d73d57765c8f2a.dll","1077936503","0","11/04/2018 16:16:21.6804841","0,015625","file","FF9D5DF07911D877","804cb650-0000-0000-0000-501f00000000","Application extension","2851"
"480650556BE3BA792687D169151251AB","15124E12","serialize-a29018cde7a9ef62.dll","650752","32","25/03/2018 15:17:34.0000000","11/04/2018 16:09:25.9461092","11/04/2018 16:09:25.9461092","file:C:/Users/maxpowers/.rustup/toolchains/stable-x86_64-pc-windows-msvc/lib/rustlib/x86_64-pc-windows-msvc/lib/serialize-a29018cde7a9ef62.dll","lib","DESKTOP-EDSLQM8","application/x-msdownload","25/03/2018 15:17:34.0000000","25/03/2018 15:17:34.0000000","25/03/2018 15:17:34.0000000",".dll","DESKTOP-EDSLQM8\maxpowers","6","False","False","False","25/03/2018 15:17:34.0000000","C:\Users\maxpowers\.rustup\toolchains\stable-x86_64-pc-windows-msvc\lib\rustlib\x86_64-pc-windows-msvc\lib","lib (C:\Users\maxpowers\.rustup\toolchains\stable-x86_64-pc-windows-msvc\lib\rustlib\x86_64-pc-windows-msvc)","serialize-a29018cde7a9ef62.dll","serialize-a29018cde7a9ef62.dll","serialize-a29018cde7a9ef62","C:\Users\maxpowers\.rustup\toolchains\stable-x86_64-pc-windows-msvc\lib\rustlib\x86_64-pc-windows-msvc\lib\serialize-a29018cde7a9ef62.dll","serialize-a29018cde7a9ef62 (C:\Users\maxpowers\.rustup\toolchains\stable-x86_64-pc-windows-msvc\lib\rustlib\x86_64-pc-windows-msvc\lib)",".dll","application/x-msdownload","False","serialize-a29018cde7a9ef62.dll","1077936503","0","11/04/2018 16:16:21.6339318","0","file","D05CA522786E78CF","804cb650-0000-0000-0000-501f00000000","Application extension","2853"
"780E4DE09066EC4EFCEB67B4704646A9","15124E12","std-1cce2a9d20ab1f24.dll","3382784","32","25/03/2018 15:16:34.0000000","11/04/2018 16:09:25.9619635","11/04/2018 16:09:25.9619635","file:C:/Users/maxpowers/.rustup/toolchains/stable-x86_64-pc-windows-msvc/lib/rustlib/x86_64-pc-windows-msvc/lib/std-1cce2a9d20ab1f24.dll","lib","DESKTOP-EDSLQM8","application/x-msdownload","25/03/2018 15:16:34.0000000","25/03/2018 15:16:34.0000000","25/03/2018 15:16:34.0000000",".dll","DESKTOP-EDSLQM8\maxpowers","6","False","False","False","25/03/2018 15:16:34.0000000","C:\Users\maxpowers\.rustup\toolchains\stable-x86_64-pc-windows-msvc\lib\rustlib\x86_64-pc-windows-msvc\lib","lib (C:\Users\maxpowers\.rustup\toolchains\stable-x86_64-pc-windows-msvc\lib\rustlib\x86_64-pc-windows-msvc)","std-1cce2a9d20ab1f24.dll","std-1cce2a9d20ab1f24.dll","std-1cce2a9d20ab1f24","C:\Users\maxpowers\.rustup\toolchains\stable-x86_64-pc-windows-msvc\lib\rustlib\x86_64-pc-windows-msvc\lib\std-1cce2a9d20ab1f24.dll","std-1cce2a9d20ab1f24 (C:\Users\maxpowers\.rustup\toolchains\stable-x86_64-pc-windows-msvc\lib\rustlib\x86_64-pc-windows-msvc\lib)",".dll","application/x-msdownload","False","std-1cce2a9d20ab1f24.dll","1077936503","0","11/04/2018 16:16:21.5710993","0","file","8927E47D27406745","804cb650-0000-0000-0000-501f00000000","Application extension","2855"
"0ADA095B46B886A49A888F7B44AA8E43","15124E12","syntax-4996b62d03da7218.dll","6387200","32","25/03/2018 15:20:03.0000000","11/04/2018 16:09:25.9775688","11/04/2018 16:09:25.9775688","file:C:/Users/maxpowers/.rustup/toolchains/stable-x86_64-pc-windows-msvc/lib/rustlib/x86_64-pc-windows-msvc/lib/syntax-4996b62d03da7218.dll","lib","DESKTOP-EDSLQM8","application/x-msdownload","25/03/2018 15:20:03.0000000","25/03/2018 15:20:03.0000000","25/03/2018 15:20:03.0000000",".dll","DESKTOP-EDSLQM8\maxpowers","6","False","False","False","25/03/2018 15:20:03.0000000","C:\Users\maxpowers\.rustup\toolchains\stable-x86_64-pc-windows-msvc\lib\rustlib\x86_64-pc-windows-msvc\lib","lib (C:\Users\maxpowers\.rustup\toolchains\stable-x86_64-pc-windows-msvc\lib\rustlib\x86_64-pc-windows-msvc)","syntax-4996b62d03da7218.dll","syntax-4996b62d03da7218.dll","syntax-4996b62d03da7218","C:\Users\maxpowers\.rustup\toolchains\stable-x86_64-pc-windows-msvc\lib\rustlib\x86_64-pc-windows-msvc\lib\syntax-4996b62d03da7218.dll","syntax-4996b62d03da7218 (C:\Users\maxpowers\.rustup\toolchains\stable-x86_64-pc-windows-msvc\lib\rustlib\x86_64-pc-windows-msvc\lib)",".dll","application/x-msdownload","False","syntax-4996b62d03da7218.dll","1077936503","0","11/04/2018 16:16:21.4929675","0","file","2FB7D6C2CBE1BA54","804cb650-0000-0000-0000-501f00000000","Application extension","2857"
"64BF67681F9D30DB181260210FFADB24","15124E12","syntax_ext-ba757dbf3e87059e.dll","1017856","32","25/03/2018 15:20:44.0000000","11/04/2018 16:09:26.0086688","11/04/2018 16:09:26.0086688","file:C:/Users/maxpowers/.rustup/toolchains/stable-x86_64-pc-windows-msvc/lib/rustlib/x86_64-pc-windows-msvc/lib/syntax_ext-ba757dbf3e87059e.dll","lib","DESKTOP-EDSLQM8","application/x-msdownload","25/03/2018 15:20:44.0000000","25/03/2018 15:20:44.0000000","25/03/2018 15:20:44.0000000",".dll","DESKTOP-EDSLQM8\maxpowers","6","False","False","False","25/03/2018 15:20:44.0000000","C:\Users\maxpowers\.rustup\toolchains\stable-x86_64-pc-windows-msvc\lib\rustlib\x86_64-pc-windows-msvc\lib","lib (C:\Users\maxpowers\.rustup\toolchains\stable-x86_64-pc-windows-msvc\lib\rustlib\x86_64-pc-windows-msvc)","syntax_ext-ba757dbf3e87059e.dll","syntax_ext-ba757dbf3e87059e.dll","syntax_ext-ba757dbf3e87059e","C:\Users\maxpowers\.rustup\toolchains\stable-x86_64-pc-windows-msvc\lib\rustlib\x86_64-pc-windows-msvc\lib\syntax_ext-ba757dbf3e87059e.dll","syntax_ext-ba757dbf3e87059e (C:\Users\maxpowers\.rustup\toolchains\stable-x86_64-pc-windows-msvc\lib\rustlib\x86_64-pc-windows-msvc\lib)",".dll","application/x-msdownload","False","syntax_ext-ba757dbf3e87059e.dll","1077936503","0","11/04/2018 16:16:21.4461353","0,015625","file","D63E97489F991EC6","804cb650-0000-0000-0000-501f00000000","Application extension","2859"
"137B1E2AE8D2C01F1F85DE1CBE25FF78","15124E12","syntax_pos-aad3df3b0a38ce92.dll","427520","32","25/03/2018 15:17:56.0000000","11/04/2018 16:09:26.0086688","11/04/2018 16:09:26.0086688","file:C:/Users/maxpowers/.rustup/toolchains/stable-x86_64-pc-windows-msvc/lib/rustlib/x86_64-pc-windows-msvc/lib/syntax_pos-aad3df3b0a38ce92.dll","lib","DESKTOP-EDSLQM8","application/x-msdownload","25/03/2018 15:17:56.0000000","25/03/2018 15:17:56.0000000","25/03/2018 15:17:56.0000000",".dll","DESKTOP-EDSLQM8\maxpowers","6","False","False","False","25/03/2018 15:17:56.0000000","C:\Users\maxpowers\.rustup\toolchains\stable-x86_64-pc-windows-msvc\lib\rustlib\x86_64-pc-windows-msvc\lib","lib (C:\Users\maxpowers\.rustup\toolchains\stable-x86_64-pc-windows-msvc\lib\rustlib\x86_64-pc-windows-msvc)","syntax_pos-aad3df3b0a38ce92.dll","syntax_pos-aad3df3b0a38ce92.dll","syntax_pos-aad3df3b0a38ce92","C:\Users\maxpowers\.rustup\toolchains\stable-x86_64-pc-windows-msvc\lib\rustlib\x86_64-pc-windows-msvc\lib\syntax_pos-aad3df3b0a38ce92.dll","syntax_pos-aad3df3b0a38ce92 (C:\Users\maxpowers\.rustup\toolchains\stable-x86_64-pc-windows-msvc\lib\rustlib\x86_64-pc-windows-msvc\lib)",".dll","application/x-msdownload","False","syntax_pos-aad3df3b0a38ce92.dll","1077936503","0","11/04/2018 16:16:21.3836218","0","file","797D20E067B1FBBC","804cb650-0000-0000-0000-501f00000000","Application extension","2861"
"8CDA828B5C2836E05E4416FAC2D6C4C2","15124E12","term-b6e784933f14e088.dll","303616","32","25/03/2018 15:16:40.0000000","11/04/2018 16:09:26.0242731","11/04/2018 16:09:26.0242731","file:C:/Users/maxpowers/.rustup/toolchains/stable-x86_64-pc-windows-msvc/lib/rustlib/x86_64-pc-windows-msvc/lib/term-b6e784933f14e088.dll","lib","DESKTOP-EDSLQM8","application/x-msdownload","25/03/2018 15:16:40.0000000","25/03/2018 15:16:40.0000000","25/03/2018 15:16:40.0000000",".dll","DESKTOP-EDSLQM8\maxpowers","6","False","False","False","25/03/2018 15:16:40.0000000","C:\Users\maxpowers\.rustup\toolchains\stable-x86_64-pc-windows-msvc\lib\rustlib\x86_64-pc-windows-msvc\lib","lib (C:\Users\maxpowers\.rustup\toolchains\stable-x86_64-pc-windows-msvc\lib\rustlib\x86_64-pc-windows-msvc)","term-b6e784933f14e088.dll","term-b6e784933f14e088.dll","term-b6e784933f14e088","C:\Users\maxpowers\.rustup\toolchains\stable-x86_64-pc-windows-msvc\lib\rustlib\x86_64-pc-windows-msvc\lib\term-b6e784933f14e088.dll","term-b6e784933f14e088 (C:\Users\maxpowers\.rustup\toolchains\stable-x86_64-pc-windows-msvc\lib\rustlib\x86_64-pc-windows-msvc\lib)",".dll","application/x-msdownload","False","term-b6e784933f14e088.dll","1077936503","0","11/04/2018 16:16:21.3367276","0","file","DB0D5E7C6C94B982","804cb650-0000-0000-0000-501f00000000","Application extension","2863"
"5CD7858764FF15FBEF8A127910755352","15124E12","test-1eff972bcfd364af.dll","574976","32","25/03/2018 15:16:50.0000000","11/04/2018 16:09:26.0242731","11/04/2018 16:09:26.0242731","file:C:/Users/maxpowers/.rustup/toolchains/stable-x86_64-pc-windows-msvc/lib/rustlib/x86_64-pc-windows-msvc/lib/test-1eff972bcfd364af.dll","lib","DESKTOP-EDSLQM8","application/x-msdownload","25/03/2018 15:16:50.0000000","25/03/2018 15:16:50.0000000","25/03/2018 15:16:50.0000000",".dll","DESKTOP-EDSLQM8\maxpowers","6","False","False","False","25/03/2018 15:16:50.0000000","C:\Users\maxpowers\.rustup\toolchains\stable-x86_64-pc-windows-msvc\lib\rustlib\x86_64-pc-windows-msvc\lib","lib (C:\Users\maxpowers\.rustup\toolchains\stable-x86_64-pc-windows-msvc\lib\rustlib\x86_64-pc-windows-msvc)","test-1eff972bcfd364af.dll","test-1eff972bcfd364af.dll","test-1eff972bcfd364af","C:\Users\maxpowers\.rustup\toolchains\stable-x86_64-pc-windows-msvc\lib\rustlib\x86_64-pc-windows-msvc\lib\test-1eff972bcfd364af.dll","test-1eff972bcfd364af (C:\Users\maxpowers\.rustup\toolchains\stable-x86_64-pc-windows-msvc\lib\rustlib\x86_64-pc-windows-msvc\lib)",".dll","application/x-msdownload","False","test-1eff972bcfd364af.dll","1077936503","0","11/04/2018 16:16:21.2899311","0,015625","file","9410CA1844AE2CF2","804cb650-0000-0000-0000-501f00000000","Application extension","2865"
