0F-InvertedOnlyMD5,0-InvertedOnlyPids,11-System_FileName,13F-System_Size,14F-System_FileAttributes,15F-System_DateModified,16F-System_DateCreated,17F-System_DateAccessed,33-System_ItemUrl,3-System_ItemFolderNameDisplay,4346-System_DateImported,4352-System_Document_DateCreated,4354-System_Document_DateSaved,4373-System_FileExtension,4378-System_FilePlaceholderStatus,4410-System_IsAttachment,4412-System_IsEncrypted,4415-System_IsFolder,4419-System_ItemDate,4421-System_ItemFolderPathDisplay,4422-System_ItemFolderPathDisplayNarrow,4423-System_ItemName,4424-System_ItemNameDisplay,4425-System_ItemNameDisplayWithoutExtension,4428-System_ItemPathDisplay,4429-System_ItemPathDisplayNarrow,4431-System_ItemType,4546-System_ParsingName,4604-System_SFGAOFlags,4605-System_Search_AccessCount,4612F-System_Search_GatherTime,4614-System_Search_LastIndexedTotalTime,4618-System_Search_Store,4655-System_ThumbnailCacheId,5-System_ItemTypeText,WorkID
"40C2BBA12CCFB8265449F4865CA1BFEB","15124E12","arena-c2cecdfd5a2d9f1c.dll.lib","4818","32","25/03/2018 15:16:54.0000000","11/04/2018 16:09:25.1492239","11/04/2018 16:09:25.1492239","file:C:/Users/maxpowers/.rustup/toolchains/stable-x86_64-pc-windows-msvc/lib/rustlib/x86_64-pc-windows-msvc/lib/arena-c2cecdfd5a2d9f1c.dll.lib","lib","25/03/2018 15:16:54.0000000","25/03/2018 15:16:54.0000000","25/03/2018 15:16:54.0000000",".lib","6","False","False","False","25/03/2018 15:16:54.0000000","C:\Users\maxpowers\.rustup\toolchains\stable-x86_64-pc-windows-msvc\lib\rustlib\x86_64-pc-windows-msvc\lib","lib (C:\Users\maxpowers\.rustup\toolchains\stable-x86_64-pc-windows-msvc\lib\rustlib\x86_64-pc-windows-msvc)","arena-c2cecdfd5a2d9f1c.dll.lib","arena-c2cecdfd5a2d9f1c.dll.lib","arena-c2cecdfd5a2d9f1c.dll","C:\Users\maxpowers\.rustup\toolchains\stable-x86_64-pc-windows-msvc\lib\rustlib\x86_64-pc-windows-msvc\lib\arena-c2cecdfd5a2d9f1c.dll.lib","arena-c2cecdfd5a2d9f1c.dll (C:\Users\maxpowers\.rustup\toolchains\stable-x86_64-pc-windows-msvc\lib\rustlib\x86_64-pc-windows-msvc\lib)",".lib","arena-c2cecdfd5a2d9f1c.dll.lib","1077936503","0","11/04/2018 16:16:23.0398711","0","file","3F601B9351465729","Object File Library","2758"
"E0167A785EF8F5D67DEAC73EB66AAA0F","15124E12","fmt_macros-4c5d8e9cb89b761b.dll.lib","5666","32","25/03/2018 15:17:33.0000000","11/04/2018 16:09:25.1492239","11/04/2018 16:09:25.1492239","file:C:/Users/maxpowers/.rustup/toolchains/stable-x86_64-pc-windows-msvc/lib/rustlib/x86_64-pc-windows-msvc/lib/fmt_macros-4c5d8e9cb89b761b.dll.lib","lib","25/03/2018 15:17:33.0000000","25/03/2018 15:17:33.0000000","25/03/2018 15:17:33.0000000",".lib","6","False","False","False","25/03/2018 15:17:33.0000000","C:\Users\maxpowers\.rustup\toolchains\stable-x86_64-pc-windows-msvc\lib\rustlib\x86_64-pc-windows-msvc\lib","lib (C:\Users\maxpowers\.rustup\toolchains\stable-x86_64-pc-windows-msvc\lib\rustlib\x86_64-pc-windows-msvc)","fmt_macros-4c5d8e9cb89b761b.dll.lib","fmt_macros-4c5d8e9cb89b761b.dll.lib","fmt_macros-4c5d8e9cb89b761b.dll","C:\Users\maxpowers\.rustup\toolchains\stable-x86_64-pc-windows-msvc\lib\rustlib\x86_64-pc-windows-msvc\lib\fmt_macros-4c5d8e9cb89b761b.dll.lib","fmt_macros-4c5d8e9cb89b761b.dll (C:\Users\maxpowers\.rustup\toolchains\stable-x86_64-pc-windows-msvc\lib\rustlib\x86_64-pc-windows-msvc\lib)",".lib","fmt_macros-4c5d8e9cb89b761b.dll.lib","1077936503","0","11/04/2018 16:16:22.9930780","0","file","940D9DDADE5BBE4C","Object File Library","2760"
"B1F7C28E3F40802A577279E97AB4783E","15124E12","graphviz-2c59e020945a59b9.dll.lib","10214","32","25/03/2018 15:17:28.0000000","11/04/2018 16:09:25.1650340","11/04/2018 16:09:25.1650340","file:C:/Users/maxpowers/.rustup/toolchains/stable-x86_64-pc-windows-msvc/lib/rustlib/x86_64-pc-windows-msvc/lib/graphviz-2c59e020945a59b9.dll.lib","lib","25/03/2018 15:17:28.0000000","25/03/2018 15:17:28.0000000","25/03/2018 15:17:28.0000000",".lib","6","False","False","False","25/03/2018 15:17:28.0000000","C:\Users\maxpowers\.rustup\toolchains\stable-x86_64-pc-windows-msvc\lib\rustlib\x86_64-pc-windows-msvc\lib","lib (C:\Users\maxpowers\.rustup\toolchains\stable-x86_64-pc-windows-msvc\lib\rustlib\x86_64-pc-windows-msvc)","graphviz-2c59e020945a59b9.dll.lib","graphviz-2c59e020945a59b9.dll.lib","graphviz-2c59e020945a59b9.dll","C:\Users\maxpowers\.rustup\toolchains\stable-x86_64-pc-windows-msvc\lib\rustlib\x86_64-pc-windows-msvc\lib\graphviz-2c59e020945a59b9.dll.lib","graphviz-2c59e020945a59b9.dll (C:\Users\maxpowers\.rustup\toolchains\stable-x86_64-pc-windows-msvc\lib\rustlib\x86_64-pc-windows-msvc\lib)",".lib","graphviz-2c59e020945a59b9.dll.lib","1077936503","0","11/04/2018 16:16:22.9462573","0","file","E2D4F380753FAF3A","Object File Library","2762"
"7E94E28F9ADD16135619F457533A2850","15124E12","proc_macro-0faeed6576da7f67.dll.lib","46716","32","25/03/2018 15:20:14.0000000","11/04/2018 16:09:25.5087391","11/04/2018 16:09:25.5087391","file:C:/Users/maxpowers/.rustup/toolchains/stable-x86_64-pc-windows-msvc/lib/rustlib/x86_64-pc-windows-msvc/lib/proc_macro-0faeed6576da7f67.dll.lib","lib","25/03/2018 15:20:14.0000000","25/03/2018 15:20:14.0000000","25/03/2018 15:20:14.0000000",".lib","6","False","False","False","25/03/2018 15:20:14.0000000","C:\Users\maxpowers\.rustup\toolchains\stable-x86_64-pc-windows-msvc\lib\rustlib\x86_64-pc-windows-msvc\lib","lib (C:\Users\maxpowers\.rustup\toolchains\stable-x86_64-pc-windows-msvc\lib\rustlib\x86_64-pc-windows-msvc)","proc_macro-0faeed6576da7f67.dll.lib","proc_macro-0faeed6576da7f67.dll.lib","proc_macro-0faeed6576da7f67.dll","C:\Users\maxpowers\.rustup\toolchains\stable-x86_64-pc-windows-msvc\lib\rustlib\x86_64-pc-windows-msvc\lib\proc_macro-0faeed6576da7f67.dll.lib","proc_macro-0faeed6576da7f67.dll (C:\Users\maxpowers\.rustup\toolchains\stable-x86_64-pc-windows-msvc\lib\rustlib\x86_64-pc-windows-msvc\lib)",".lib","proc_macro-0faeed6576da7f67.dll.lib","1077936503","0","11/04/2018 16:16:22.7275476","0,03125","file","ED12622DC9B113C1","Object File Library","2808"
"77D84C3A1CA1E534E127AA8F735FC7FF","15124E12","rustc-2e29a1328910ac53.dll.lib","2612022","32","25/03/2018 15:28:08.0000000","11/04/2018 16:09:25.5399358","11/04/2018 16:09:25.5399358","file:C:/Users/maxpowers/.rustup/toolchains/stable-x86_64-pc-windows-msvc/lib/rustlib/x86_64-pc-windows-msvc/lib/rustc-2e29a1328910ac53.dll.lib","lib","25/03/2018 15:28:08.0000000","25/03/2018 15:28:08.0000000","25/03/2018 15:28:08.0000000",".lib","6","False","False","False","25/03/2018 15:28:08.0000000","C:\Users\maxpowers\.rustup\toolchains\stable-x86_64-pc-windows-msvc\lib\rustlib\x86_64-pc-windows-msvc\lib","lib (C:\Users\maxpowers\.rustup\toolchains\stable-x86_64-pc-windows-msvc\lib\rustlib\x86_64-pc-windows-msvc)","rustc-2e29a1328910ac53.dll.lib","rustc-2e29a1328910ac53.dll.lib","rustc-2e29a1328910ac53.dll","C:\Users\maxpowers\.rustup\toolchains\stable-x86_64-pc-windows-msvc\lib\rustlib\x86_64-pc-windows-msvc\lib\rustc-2e29a1328910ac53.dll.lib","rustc-2e29a1328910ac53.dll (C:\Users\maxpowers\.rustup\toolchains\stable-x86_64-pc-windows-msvc\lib\rustlib\x86_64-pc-windows-msvc\lib)",".lib","rustc-2e29a1328910ac53.dll.lib","1077936503","0","11/04/2018 16:16:22.6648503","0","file","6C1A0C9C4622893D","Object File Library","2810"
"86B89579893A021A28128D0B1B584CD8","15124E12","rustc_allocator-f3896e215217966b.dll.lib","7290","32","25/03/2018 15:29:07.0000000","11/04/2018 16:09:25.5556132","11/04/2018 16:09:25.5556132","file:C:/Users/maxpowers/.rustup/toolchains/stable-x86_64-pc-windows-msvc/lib/rustlib/x86_64-pc-windows-msvc/lib/rustc_allocator-f3896e215217966b.dll.lib","lib","25/03/2018 15:29:07.0000000","25/03/2018 15:29:07.0000000","25/03/2018 15:29:07.0000000",".lib","6","False","False","False","25/03/2018 15:29:07.0000000","C:\Users\maxpowers\.rustup\toolchains\stable-x86_64-pc-windows-msvc\lib\rustlib\x86_64-pc-windows-msvc\lib","lib (C:\Users\maxpowers\.rustup\toolchains\stable-x86_64-pc-windows-msvc\lib\rustlib\x86_64-pc-windows-msvc)","rustc_allocator-f3896e215217966b.dll.lib","rustc_allocator-f3896e215217966b.dll.lib","rustc_allocator-f3896e215217966b.dll","C:\Users\maxpowers\.rustup\toolchains\stable-x86_64-pc-windows-msvc\lib\rustlib\x86_64-pc-windows-msvc\lib\rustc_allocator-f3896e215217966b.dll.lib","rustc_allocator-f3896e215217966b.dll (C:\Users\maxpowers\.rustup\toolchains\stable-x86_64-pc-windows-msvc\lib\rustlib\x86_64-pc-windows-msvc\lib)",".lib","rustc_allocator-f3896e215217966b.dll.lib","1077936503","0","11/04/2018 16:16:22.6203125","0","file","DE60C1180D7EA303","Object File Library","2812"
"4D83ADEC715748E8BA2D8E07D7FC69D6","15124E12","rustc_back-5476d51de620474e.dll.lib","16378","32","25/03/2018 15:20:18.0000000","11/04/2018 16:09:25.5556132","11/04/2018 16:09:25.5556132","file:C:/Users/maxpowers/.rustup/toolchains/stable-x86_64-pc-windows-msvc/lib/rustlib/x86_64-pc-windows-msvc/lib/rustc_back-5476d51de620474e.dll.lib","lib","25/03/2018 15:20:18.0000000","25/03/2018 15:20:18.0000000","25/03/2018 15:20:18.0000000",".lib","6","False","False","False","25/03/2018 15:20:18.0000000","C:\Users\maxpowers\.rustup\toolchains\stable-x86_64-pc-windows-msvc\lib\rustlib\x86_64-pc-windows-msvc\lib","lib (C:\Users\maxpowers\.rustup\toolchains\stable-x86_64-pc-windows-msvc\lib\rustlib\x86_64-pc-windows-msvc)","rustc_back-5476d51de620474e.dll.lib","rustc_back-5476d51de620474e.dll.lib","rustc_back-5476d51de620474e.dll","C:\Users\maxpowers\.rustup\toolchains\stable-x86_64-pc-windows-msvc\lib\rustlib\x86_64-pc-windows-msvc\lib\rustc_back-5476d51de620474e.dll.lib","rustc_back-5476d51de620474e.dll (C:\Users\maxpowers\.rustup\toolchains\stable-x86_64-pc-windows-msvc\lib\rustlib\x86_64-pc-windows-msvc\lib)",".lib","rustc_back-5476d51de620474e.dll.lib","1077936503","0","11/04/2018 16:16:22.5711428","0","file","676BA69FC2921111","Object File Library","2814"
"988C48012E205F528363A13ECEA6C4F0","15124E12","rustc_borrowck-d9df6656721dd7d6.dll.lib","61022","32","25/03/2018 15:34:16.0000000","11/04/2018 16:09:25.5711546","11/04/2018 16:09:25.5711546","file:C:/Users/maxpowers/.rustup/toolchains/stable-x86_64-pc-windows-msvc/lib/rustlib/x86_64-pc-windows-msvc/lib/rustc_borrowck-d9df6656721dd7d6.dll.lib","lib","25/03/2018 15:34:16.0000000","25/03/2018 15:34:16.0000000","25/03/2018 15:34:16.0000000",".lib","6","False","False","False","25/03/2018 15:34:16.0000000","C:\Users\maxpowers\.rustup\toolchains\stable-x86_64-pc-windows-msvc\lib\rustlib\x86_64-pc-windows-msvc\lib","lib (C:\Users\maxpowers\.rustup\toolchains\stable-x86_64-pc-windows-msvc\lib\rustlib\x86_64-pc-windows-msvc)","rustc_borrowck-d9df6656721dd7d6.dll.lib","rustc_borrowck-d9df6656721dd7d6.dll.lib","rustc_borrowck-d9df6656721dd7d6.dll","C:\Users\maxpowers\.rustup\toolchains\stable-x86_64-pc-windows-msvc\lib\rustlib\x86_64-pc-windows-msvc\lib\rustc_borrowck-d9df6656721dd7d6.dll.lib","rustc_borrowck-d9df6656721dd7d6.dll (C:\Users\maxpowers\.rustup\toolchains\stable-x86_64-pc-windows-msvc\lib\rustlib\x86_64-pc-windows-msvc\lib)",".lib","rustc_borrowck-d9df6656721dd7d6.dll.lib","1077936503","0","11/04/2018 16:16:22.5242900","0","file","60F2186852EC8F3E","Object File Library","2816"
"0A567B77C023212D272DB50843813520","15124E12","rustc_const_eval-89f634d4a00f7a59.dll.lib","32678","32","25/03/2018 15:30:48.0000000","11/04/2018 16:09:25.5711546","11/04/2018 16:09:25.5711546","file:C:/Users/maxpowers/.rustup/toolchains/stable-x86_64-pc-windows-msvc/lib/rustlib/x86_64-pc-windows-msvc/lib/rustc_const_eval-89f634d4a00f7a59.dll.lib","lib","25/03/2018 15:30:48.0000000","25/03/2018 15:30:48.0000000","25/03/2018 15:30:48.0000000",".lib","6","False","False","False","25/03/2018 15:30:48.0000000","C:\Users\maxpowers\.rustup\toolchains\stable-x86_64-pc-windows-msvc\lib\rustlib\x86_64-pc-windows-msvc\lib","lib (C:\Users\maxpowers\.rustup\toolchains\stable-x86_64-pc-windows-msvc\lib\rustlib\x86_64-pc-windows-msvc)","rustc_const_eval-89f634d4a00f7a59.dll.lib","rustc_const_eval-89f634d4a00f7a59.dll.lib","rustc_const_eval-89f634d4a00f7a59.dll","C:\Users\maxpowers\.rustup\toolchains\stable-x86_64-pc-windows-msvc\lib\rustlib\x86_64-pc-windows-msvc\lib\rustc_const_eval-89f634d4a00f7a59.dll.lib","rustc_const_eval-89f634d4a00f7a59.dll (C:\Users\maxpowers\.rustup\toolchains\stable-x86_64-pc-windows-msvc\lib\rustlib\x86_64-pc-windows-msvc\lib)",".lib","rustc_const_eval-89f634d4a00f7a59.dll.lib","1077936503","0","11/04/2018 16:16:22.4774256","0","file","B8C740E332BDBA54","Object File Library","2818"
"9FC8A616581E88C03FC4B6E2BB89B38E","15124E12","rustc_const_math-30bbc917995b0755.dll.lib","54558","32","25/03/2018 15:20:08.0000000","11/04/2018 16:09:25.5711546","11/04/2018 16:09:25.5711546","file:C:/Users/maxpowers/.rustup/toolchains/stable-x86_64-pc-windows-msvc/lib/rustlib/x86_64-pc-windows-msvc/lib/rustc_const_math-30bbc917995b0755.dll.lib","lib","25/03/2018 15:20:08.0000000","25/03/2018 15:20:08.0000000","25/03/2018 15:20:08.0000000",".lib","6","False","False","False","25/03/2018 15:20:08.0000000","C:\Users\maxpowers\.rustup\toolchains\stable-x86_64-pc-windows-msvc\lib\rustlib\x86_64-pc-windows-msvc\lib","lib (C:\Users\maxpowers\.rustup\toolchains\stable-x86_64-pc-windows-msvc\lib\rustlib\x86_64-pc-windows-msvc)","rustc_const_math-30bbc917995b0755.dll.lib","rustc_const_math-30bbc917995b0755.dll.lib","rustc_const_math-30bbc917995b0755.dll","C:\Users\maxpowers\.rustup\toolchains\stable-x86_64-pc-windows-msvc\lib\rustlib\x86_64-pc-windows-msvc\lib\rustc_const_math-30bbc917995b0755.dll.lib","rustc_const_math-30bbc917995b0755.dll (C:\Users\maxpowers\.rustup\toolchains\stable-x86_64-pc-windows-msvc\lib\rustlib\x86_64-pc-windows-msvc\lib)",".lib","rustc_const_math-30bbc917995b0755.dll.lib","1077936503","0","11/04/2018 16:16:22.4305227","0","file","0984B35BAD3F6F95","Object File Library","2820"
"1769A0F7EA4649287ED0F26202BDD593","15124E12","rustc_cratesio_shim-780e645462f0cd07.dll.lib","8138","32","25/03/2018 15:17:36.0000000","11/04/2018 16:09:25.5867909","11/04/2018 16:09:25.5867909","file:C:/Users/maxpowers/.rustup/toolchains/stable-x86_64-pc-windows-msvc/lib/rustlib/x86_64-pc-windows-msvc/lib/rustc_cratesio_shim-780e645462f0cd07.dll.lib","lib","25/03/2018 15:17:36.0000000","25/03/2018 15:17:36.0000000","25/03/2018 15:17:36.0000000",".lib","6","False","False","False","25/03/2018 15:17:36.0000000","C:\Users\maxpowers\.rustup\toolchains\stable-x86_64-pc-windows-msvc\lib\rustlib\x86_64-pc-windows-msvc\lib","lib (C:\Users\maxpowers\.rustup\toolchains\stable-x86_64-pc-windows-msvc\lib\rustlib\x86_64-pc-windows-msvc)","rustc_cratesio_shim-780e645462f0cd07.dll.lib","rustc_cratesio_shim-780e645462f0cd07.dll.lib","rustc_cratesio_shim-780e645462f0cd07.dll","C:\Users\maxpowers\.rustup\toolchains\stable-x86_64-pc-windows-msvc\lib\rustlib\x86_64-pc-windows-msvc\lib\rustc_cratesio_shim-780e645462f0cd07.dll.lib","rustc_cratesio_shim-780e645462f0cd07.dll (C:\Users\maxpowers\.rustup\toolchains\stable-x86_64-pc-windows-msvc\lib\rustlib\x86_64-pc-windows-msvc\lib)",".lib","rustc_cratesio_shim-780e645462f0cd07.dll.lib","1077936503","0","11/04/2018 16:16:22.3837025","0","file","7ED4EDE8E3B8475F","Object File Library","2822"
"F16F11EE16C7F320D4DF5982029D6D80","15124E12","rustc_data_structures-fa2cd4d16d90fa4b.dll.lib","4785910","32","25/03/2018 15:17:51.0000000","11/04/2018 16:09:25.5867909","11/04/2018 16:09:25.5867909","file:C:/Users/maxpowers/.rustup/toolchains/stable-x86_64-pc-windows-msvc/lib/rustlib/x86_64-pc-windows-msvc/lib/rustc_data_structures-fa2cd4d16d90fa4b.dll.lib","lib","25/03/2018 15:17:51.0000000","25/03/2018 15:17:51.0000000","25/03/2018 15:17:51.0000000",".lib","6","False","False","False","25/03/2018 15:17:51.0000000","C:\Users\maxpowers\.rustup\toolchains\stable-x86_64-pc-windows-msvc\lib\rustlib\x86_64-pc-windows-msvc\lib","lib (C:\Users\maxpowers\.rustup\toolchains\stable-x86_64-pc-windows-msvc\lib\rustlib\x86_64-pc-windows-msvc)","rustc_data_structures-fa2cd4d16d90fa4b.dll.lib","rustc_data_structures-fa2cd4d16d90fa4b.dll.lib","rustc_data_structures-fa2cd4d16d90fa4b.dll","C:\Users\maxpowers\.rustup\toolchains\stable-x86_64-pc-windows-msvc\lib\rustlib\x86_64-pc-windows-msvc\lib\rustc_data_structures-fa2cd4d16d90fa4b.dll.lib","rustc_data_structures-fa2cd4d16d90fa4b.dll (C:\Users\maxpowers\.rustup\toolchains\stable-x86_64-pc-windows-msvc\lib\rustlib\x86_64-pc-windows-msvc\lib)",".lib","rustc_data_structures-fa2cd4d16d90fa4b.dll.lib","1077936503","0","11/04/2018 16:16:22.3210991","0,015625","file","23E36A9B9BD33594","Object File Library","2824"
"0550211722FFCC70D5112B4BBB471C60","15124E12","rustc_driver-2041d215d85e30c3.dll.lib","87802","32","25/03/2018 15:35:21.0000000","11/04/2018 16:09:25.6180566","11/04/2018 16:09:25.6180566","file:C:/Users/maxpowers/.rustup/toolchains/stable-x86_64-pc-windows-msvc/lib/rustlib/x86_64-pc-windows-msvc/lib/rustc_driver-2041d215d85e30c3.dll.lib","lib","25/03/2018 15:35:21.0000000","25/03/2018 15:35:21.0000000","25/03/2018 15:35:21.0000000",".lib","6","False","False","False","25/03/2018 15:35:21.0000000","C:\Users\maxpowers\.rustup\toolchains\stable-x86_64-pc-windows-msvc\lib\rustlib\x86_64-pc-windows-msvc\lib","lib (C:\Users\maxpowers\.rustup\toolchains\stable-x86_64-pc-windows-msvc\lib\rustlib\x86_64-pc-windows-msvc)","rustc_driver-2041d215d85e30c3.dll.lib","rustc_driver-2041d215d85e30c3.dll.lib","rustc_driver-2041d215d85e30c3.dll","C:\Users\maxpowers\.rustup\toolchains\stable-x86_64-pc-windows-msvc\lib\rustlib\x86_64-pc-windows-msvc\lib\rustc_driver-2041d215d85e30c3.dll.lib","rustc_driver-2041d215d85e30c3.dll (C:\Users\maxpowers\.rustup\toolchains\stable-x86_64-pc-windows-msvc\lib\rustlib\x86_64-pc-windows-msvc\lib)",".lib","rustc_driver-2041d215d85e30c3.dll.lib","1077936503","0","11/04/2018 16:16:22.2742358","0","file","EDBB68EC3690EB5C","Object File Library","2826"
"7437D1100AD03DE5BF66CAB9F33E0082","15124E12","rustc_errors-9a4c3829668c30e3.dll.lib","65434","32","25/03/2018 15:18:08.0000000","11/04/2018 16:09:25.6180566","11/04/2018 16:09:25.6180566","file:C:/Users/maxpowers/.rustup/toolchains/stable-x86_64-pc-windows-msvc/lib/rustlib/x86_64-pc-windows-msvc/lib/rustc_errors-9a4c3829668c30e3.dll.lib","lib","25/03/2018 15:18:08.0000000","25/03/2018 15:18:08.0000000","25/03/2018 15:18:08.0000000",".lib","6","False","False","False","25/03/2018 15:18:08.0000000","C:\Users\maxpowers\.rustup\toolchains\stable-x86_64-pc-windows-msvc\lib\rustlib\x86_64-pc-windows-msvc\lib","lib (C:\Users\maxpowers\.rustup\toolchains\stable-x86_64-pc-windows-msvc\lib\rustlib\x86_64-pc-windows-msvc)","rustc_errors-9a4c3829668c30e3.dll.lib","rustc_errors-9a4c3829668c30e3.dll.lib","rustc_errors-9a4c3829668c30e3.dll","C:\Users\maxpowers\.rustup\toolchains\stable-x86_64-pc-windows-msvc\lib\rustlib\x86_64-pc-windows-msvc\lib\rustc_errors-9a4c3829668c30e3.dll.lib","rustc_errors-9a4c3829668c30e3.dll (C:\Users\maxpowers\.rustup\toolchains\stable-x86_64-pc-windows-msvc\lib\rustlib\x86_64-pc-windows-msvc\lib)",".lib","rustc_errors-9a4c3829668c30e3.dll.lib","1077936503","0","11/04/2018 16:16:22.2274346","0","file","E3FE03A1115B4B36","Object File Library","2828"
"52001DC2FB9A2826E9A920BE02E066FE","15124E12","rustc_incremental-a305255808d86e02.dll.lib","32100","32","25/03/2018 15:28:51.0000000","11/04/2018 16:09:25.6337997","11/04/2018 16:09:25.6337997","file:C:/Users/maxpowers/.rustup/toolchains/stable-x86_64-pc-windows-msvc/lib/rustlib/x86_64-pc-windows-msvc/lib/rustc_incremental-a305255808d86e02.dll.lib","lib","25/03/2018 15:28:51.0000000","25/03/2018 15:28:51.0000000","25/03/2018 15:28:51.0000000",".lib","6","False","False","False","25/03/2018 15:28:51.0000000","C:\Users\maxpowers\.rustup\toolchains\stable-x86_64-pc-windows-msvc\lib\rustlib\x86_64-pc-windows-msvc\lib","lib (C:\Users\maxpowers\.rustup\toolchains\stable-x86_64-pc-windows-msvc\lib\rustlib\x86_64-pc-windows-msvc)","rustc_incremental-a305255808d86e02.dll.lib","rustc_incremental-a305255808d86e02.dll.lib","rustc_incremental-a305255808d86e02.dll","C:\Users\maxpowers\.rustup\toolchains\stable-x86_64-pc-windows-msvc\lib\rustlib\x86_64-pc-windows-msvc\lib\rustc_incremental-a305255808d86e02.dll.lib","rustc_incremental-a305255808d86e02.dll (C:\Users\maxpowers\.rustup\toolchains\stable-x86_64-pc-windows-msvc\lib\rustlib\x86_64-pc-windows-msvc\lib)",".lib","rustc_incremental-a305255808d86e02.dll.lib","1077936503","0","11/04/2018 16:16:22.1805337","0","file","6220EFB474E9FC07","Object File Library","2830"
"5D69386516C4A8F809527CB60B4FA4D0","15124E12","rustc_lint-5bf19dbeca1f4679.dll.lib","77692","32","25/03/2018 15:31:39.0000000","11/04/2018 16:09:25.6337997","11/04/2018 16:09:25.6337997","file:C:/Users/maxpowers/.rustup/toolchains/stable-x86_64-pc-windows-msvc/lib/rustlib/x86_64-pc-windows-msvc/lib/rustc_lint-5bf19dbeca1f4679.dll.lib","lib","25/03/2018 15:31:39.0000000","25/03/2018 15:31:39.0000000","25/03/2018 15:31:39.0000000",".lib","6","False","False","False","25/03/2018 15:31:39.0000000","C:\Users\maxpowers\.rustup\toolchains\stable-x86_64-pc-windows-msvc\lib\rustlib\x86_64-pc-windows-msvc\lib","lib (C:\Users\maxpowers\.rustup\toolchains\stable-x86_64-pc-windows-msvc\lib\rustlib\x86_64-pc-windows-msvc)","rustc_lint-5bf19dbeca1f4679.dll.lib","rustc_lint-5bf19dbeca1f4679.dll.lib","rustc_lint-5bf19dbeca1f4679.dll","C:\Users\maxpowers\.rustup\toolchains\stable-x86_64-pc-windows-msvc\lib\rustlib\x86_64-pc-windows-msvc\lib\rustc_lint-5bf19dbeca1f4679.dll.lib","rustc_lint-5bf19dbeca1f4679.dll (C:\Users\maxpowers\.rustup\toolchains\stable-x86_64-pc-windows-msvc\lib\rustlib\x86_64-pc-windows-msvc\lib)",".lib","rustc_lint-5bf19dbeca1f4679.dll.lib","1077936503","0","11/04/2018 16:16:22.1180769","0","file","374E0E8324642233","Object File Library","2832"
"C82F46B22138B6057B9C566E15C011F1","15124E12","rustc_metadata-5f251b18555cf978.dll.lib","209290","32","25/03/2018 15:30:50.0000000","11/04/2018 16:09:25.6492815","11/04/2018 16:09:25.6492815","file:C:/Users/maxpowers/.rustup/toolchains/stable-x86_64-pc-windows-msvc/lib/rustlib/x86_64-pc-windows-msvc/lib/rustc_metadata-5f251b18555cf978.dll.lib","lib","25/03/2018 15:30:50.0000000","25/03/2018 15:30:50.0000000","25/03/2018 15:30:50.0000000",".lib","6","False","False","False","25/03/2018 15:30:50.0000000","C:\Users\maxpowers\.rustup\toolchains\stable-x86_64-pc-windows-msvc\lib\rustlib\x86_64-pc-windows-msvc\lib","lib (C:\Users\maxpowers\.rustup\toolchains\stable-x86_64-pc-windows-msvc\lib\rustlib\x86_64-pc-windows-msvc)","rustc_metadata-5f251b18555cf978.dll.lib","rustc_metadata-5f251b18555cf978.dll.lib","rustc_metadata-5f251b18555cf978.dll","C:\Users\maxpowers\.rustup\toolchains\stable-x86_64-pc-windows-msvc\lib\rustlib\x86_64-pc-windows-msvc\lib\rustc_metadata-5f251b18555cf978.dll.lib","rustc_metadata-5f251b18555cf978.dll (C:\Users\maxpowers\.rustup\toolchains\stable-x86_64-pc-windows-msvc\lib\rustlib\x86_64-pc-windows-msvc\lib)",".lib","rustc_metadata-5f251b18555cf978.dll.lib","1077936503","0","11/04/2018 16:16:22.0712491","0","file","CEEEFC1027F1ED4F","Object File Library","2834"
"A1EAB1CB5BA9891D775350A83AACA22A","15124E12","rustc_mir-91603511482466b5.dll.lib","467084","32","25/03/2018 15:34:03.0000000","11/04/2018 16:09:25.6806802","11/04/2018 16:09:25.6806802","file:C:/Users/maxpowers/.rustup/toolchains/stable-x86_64-pc-windows-msvc/lib/rustlib/x86_64-pc-windows-msvc/lib/rustc_mir-91603511482466b5.dll.lib","lib","25/03/2018 15:34:03.0000000","25/03/2018 15:34:03.0000000","25/03/2018 15:34:03.0000000",".lib","6","False","False","False","25/03/2018 15:34:03.0000000","C:\Users\maxpowers\.rustup\toolchains\stable-x86_64-pc-windows-msvc\lib\rustlib\x86_64-pc-windows-msvc\lib","lib (C:\Users\maxpowers\.rustup\toolchains\stable-x86_64-pc-windows-msvc\lib\rustlib\x86_64-pc-windows-msvc)","rustc_mir-91603511482466b5.dll.lib","rustc_mir-91603511482466b5.dll.lib","rustc_mir-91603511482466b5.dll","C:\Users\maxpowers\.rustup\toolchains\stable-x86_64-pc-windows-msvc\lib\rustlib\x86_64-pc-windows-msvc\lib\rustc_mir-91603511482466b5.dll.lib","rustc_mir-91603511482466b5.dll (C:\Users\maxpowers\.rustup\toolchains\stable-x86_64-pc-windows-msvc\lib\rustlib\x86_64-pc-windows-msvc\lib)",".lib","rustc_mir-91603511482466b5.dll.lib","1077936503","0","11/04/2018 16:16:22.0242496","0","file","9E46E3D786736EC2","Object File Library","2836"
"428813F4668ADB40A91DF5A5018EC767","15124E12","rustc_passes-b44a70506773b332.dll.lib","113498","32","25/03/2018 15:31:09.0000000","11/04/2018 16:09:25.6963124","11/04/2018 16:09:25.6963124","file:C:/Users/maxpowers/.rustup/toolchains/stable-x86_64-pc-windows-msvc/lib/rustlib/x86_64-pc-windows-msvc/lib/rustc_passes-b44a70506773b332.dll.lib","lib","25/03/2018 15:31:09.0000000","25/03/2018 15:31:09.0000000","25/03/2018 15:31:09.0000000",".lib","6","False","False","False","25/03/2018 15:31:09.0000000","C:\Users\maxpowers\.rustup\toolchains\stable-x86_64-pc-windows-msvc\lib\rustlib\x86_64-pc-windows-msvc\lib","lib (C:\Users\maxpowers\.rustup\toolchains\stable-x86_64-pc-windows-msvc\lib\rustlib\x86_64-pc-windows-msvc)","rustc_passes-b44a70506773b332.dll.lib","rustc_passes-b44a70506773b332.dll.lib","rustc_passes-b44a70506773b332.dll","C:\Users\maxpowers\.rustup\toolchains\stable-x86_64-pc-windows-msvc\lib\rustlib\x86_64-pc-windows-msvc\lib\rustc_passes-b44a70506773b332.dll.lib","rustc_passes-b44a70506773b332.dll (C:\Users\maxpowers\.rustup\toolchains\stable-x86_64-pc-windows-msvc\lib\rustlib\x86_64-pc-windows-msvc\lib)",".lib","rustc_passes-b44a70506773b332.dll.lib","1077936503","0","11/04/2018 16:16:21.9774146","0","file","337128A655CDD6F5","Object File Library","2838"
"CF7EDF88815185163C23CD2F52764235","15124E12","rustc_platform_intrinsics-831f2a21dc7242de.dll.lib","5484","32","25/03/2018 15:17:05.0000000","11/04/2018 16:09:25.7120258","11/04/2018 16:09:25.7120258","file:C:/Users/maxpowers/.rustup/toolchains/stable-x86_64-pc-windows-msvc/lib/rustlib/x86_64-pc-windows-msvc/lib/rustc_platform_intrinsics-831f2a21dc7242de.dll.lib","lib","25/03/2018 15:17:05.0000000","25/03/2018 15:17:05.0000000","25/03/2018 15:17:05.0000000",".lib","6","False","False","False","25/03/2018 15:17:05.0000000","C:\Users\maxpowers\.rustup\toolchains\stable-x86_64-pc-windows-msvc\lib\rustlib\x86_64-pc-windows-msvc\lib","lib (C:\Users\maxpowers\.rustup\toolchains\stable-x86_64-pc-windows-msvc\lib\rustlib\x86_64-pc-windows-msvc)","rustc_platform_intrinsics-831f2a21dc7242de.dll.lib","rustc_platform_intrinsics-831f2a21dc7242de.dll.lib","rustc_platform_intrinsics-831f2a21dc7242de.dll","C:\Users\maxpowers\.rustup\toolchains\stable-x86_64-pc-windows-msvc\lib\rustlib\x86_64-pc-windows-msvc\lib\rustc_platform_intrinsics-831f2a21dc7242de.dll.lib","rustc_platform_intrinsics-831f2a21dc7242de.dll (C:\Users\maxpowers\.rustup\toolchains\stable-x86_64-pc-windows-msvc\lib\rustlib\x86_64-pc-windows-msvc\lib)",".lib","rustc_platform_intrinsics-831f2a21dc7242de.dll.lib","1077936503","0","11/04/2018 16:16:21.9306140","0,015625","file","B51B32522EBBE9A7","Object File Library","2840"
"212B744C13E5214F813C898A2BB1409D","15124E12","rustc_plugin-a50a2d33ed7ef9de.dll.lib","14056","32","25/03/2018 15:31:44.0000000","11/04/2018 16:09:25.7120258","11/04/2018 16:09:25.7120258","file:C:/Users/maxpowers/.rustup/toolchains/stable-x86_64-pc-windows-msvc/lib/rustlib/x86_64-pc-windows-msvc/lib/rustc_plugin-a50a2d33ed7ef9de.dll.lib","lib","25/03/2018 15:31:44.0000000","25/03/2018 15:31:44.0000000","25/03/2018 15:31:44.0000000",".lib","6","False","False","False","25/03/2018 15:31:44.0000000","C:\Users\maxpowers\.rustup\toolchains\stable-x86_64-pc-windows-msvc\lib\rustlib\x86_64-pc-windows-msvc\lib","lib (C:\Users\maxpowers\.rustup\toolchains\stable-x86_64-pc-windows-msvc\lib\rustlib\x86_64-pc-windows-msvc)","rustc_plugin-a50a2d33ed7ef9de.dll.lib","rustc_plugin-a50a2d33ed7ef9de.dll.lib","rustc_plugin-a50a2d33ed7ef9de.dll","C:\Users\maxpowers\.rustup\toolchains\stable-x86_64-pc-windows-msvc\lib\rustlib\x86_64-pc-windows-msvc\lib\rustc_plugin-a50a2d33ed7ef9de.dll.lib","rustc_plugin-a50a2d33ed7ef9de.dll (C:\Users\maxpowers\.rustup\toolchains\stable-x86_64-pc-windows-msvc\lib\rustlib\x86_64-pc-windows-msvc\lib)",".lib","rustc_plugin-a50a2d33ed7ef9de.dll.lib","1077936503","0","11/04/2018 16:16:21.8680613","0","file","04124185EE84832E","Object File Library","2842"
"3AFB4B632E7DED1E2B500E48334CE372","15124E12","rustc_privacy-677acfe15531df41.dll.lib","54452","32","25/03/2018 15:30:57.0000000","11/04/2018 16:09:25.7274789","11/04/2018 16:09:25.7274789","file:C:/Users/maxpowers/.rustup/toolchains/stable-x86_64-pc-windows-msvc/lib/rustlib/x86_64-pc-windows-msvc/lib/rustc_privacy-677acfe15531df41.dll.lib","lib","25/03/2018 15:30:57.0000000","25/03/2018 15:30:57.0000000","25/03/2018 15:30:57.0000000",".lib","6","False","False","False","25/03/2018 15:30:57.0000000","C:\Users\maxpowers\.rustup\toolchains\stable-x86_64-pc-windows-msvc\lib\rustlib\x86_64-pc-windows-msvc\lib","lib (C:\Users\maxpowers\.rustup\toolchains\stable-x86_64-pc-windows-msvc\lib\rustlib\x86_64-pc-windows-msvc)","rustc_privacy-677acfe15531df41.dll.lib","rustc_privacy-677acfe15531df41.dll.lib","rustc_privacy-677acfe15531df41.dll","C:\Users\maxpowers\.rustup\toolchains\stable-x86_64-pc-windows-msvc\lib\rustlib\x86_64-pc-windows-msvc\lib\rustc_privacy-677acfe15531df41.dll.lib","rustc_privacy-677acfe15531df41.dll (C:\Users\maxpowers\.rustup\toolchains\stable-x86_64-pc-windows-msvc\lib\rustlib\x86_64-pc-windows-msvc\lib)",".lib","rustc_privacy-677acfe15531df41.dll.lib","1077936503","0","11/04/2018 16:16:21.8211914","0","file","B1E042703E6DCE1E","Object File Library","2844"
"1831A9F33042703DADD853DDC3B961FE","15124E12","rustc_resolve-723941197630a05b.dll.lib","84458","32","25/03/2018 15:28:53.0000000","11/04/2018 16:09:25.7274789","11/04/2018 16:09:25.7274789","file:C:/Users/maxpowers/.rustup/toolchains/stable-x86_64-pc-windows-msvc/lib/rustlib/x86_64-pc-windows-msvc/lib/rustc_resolve-723941197630a05b.dll.lib","lib","25/03/2018 15:28:53.0000000","25/03/2018 15:28:53.0000000","25/03/2018 15:28:53.0000000",".lib","6","False","False","False","25/03/2018 15:28:53.0000000","C:\Users\maxpowers\.rustup\toolchains\stable-x86_64-pc-windows-msvc\lib\rustlib\x86_64-pc-windows-msvc\lib","lib (C:\Users\maxpowers\.rustup\toolchains\stable-x86_64-pc-windows-msvc\lib\rustlib\x86_64-pc-windows-msvc)","rustc_resolve-723941197630a05b.dll.lib","rustc_resolve-723941197630a05b.dll.lib","rustc_resolve-723941197630a05b.dll","C:\Users\maxpowers\.rustup\toolchains\stable-x86_64-pc-windows-msvc\lib\rustlib\x86_64-pc-windows-msvc\lib\rustc_resolve-723941197630a05b.dll.lib","rustc_resolve-723941197630a05b.dll (C:\Users\maxpowers\.rustup\toolchains\stable-x86_64-pc-windows-msvc\lib\rustlib\x86_64-pc-windows-msvc\lib)",".lib","rustc_resolve-723941197630a05b.dll.lib","1077936503","0","11/04/2018 16:16:21.7743656","0","file","0AC2601A59F27D09","Object File Library","2846"
"A40D561ED9FB4FAD3FD2EC3DA88974CD","15124E12","rustc_save_analysis-c750e2d79b9a61bc.dll.lib","147610","32","25/03/2018 15:31:19.0000000","11/04/2018 16:09:25.8213950","11/04/2018 16:09:25.8213950","file:C:/Users/maxpowers/.rustup/toolchains/stable-x86_64-pc-windows-msvc/lib/rustlib/x86_64-pc-windows-msvc/lib/rustc_save_analysis-c750e2d79b9a61bc.dll.lib","lib","25/03/2018 15:31:19.0000000","25/03/2018 15:31:19.0000000","25/03/2018 15:31:19.0000000",".lib","6","False","False","False","25/03/2018 15:31:19.0000000","C:\Users\maxpowers\.rustup\toolchains\stable-x86_64-pc-windows-msvc\lib\rustlib\x86_64-pc-windows-msvc\lib","lib (C:\Users\maxpowers\.rustup\toolchains\stable-x86_64-pc-windows-msvc\lib\rustlib\x86_64-pc-windows-msvc)","rustc_save_analysis-c750e2d79b9a61bc.dll.lib","rustc_save_analysis-c750e2d79b9a61bc.dll.lib","rustc_save_analysis-c750e2d79b9a61bc.dll","C:\Users\maxpowers\.rustup\toolchains\stable-x86_64-pc-windows-msvc\lib\rustlib\x86_64-pc-windows-msvc\lib\rustc_save_analysis-c750e2d79b9a61bc.dll.lib","rustc_save_analysis-c750e2d79b9a61bc.dll (C:\Users\maxpowers\.rustup\toolchains\stable-x86_64-pc-windows-msvc\lib\rustlib\x86_64-pc-windows-msvc\lib)",".lib","rustc_save_analysis-c750e2d79b9a61bc.dll.lib","1077936503","0","11/04/2018 16:16:21.7274557","0","file","2A2DCB7BB6B9921D","Object File Library","2848"
"841391363C29F5C06F7FF432A9F0BC96","15124E12","rustc_trans_utils-888c987b42376d39.dll.lib","37226","32","25/03/2018 15:34:12.0000000","11/04/2018 16:09:25.8213950","11/04/2018 16:09:25.8213950","file:C:/Users/maxpowers/.rustup/toolchains/stable-x86_64-pc-windows-msvc/lib/rustlib/x86_64-pc-windows-msvc/lib/rustc_trans_utils-888c987b42376d39.dll.lib","lib","25/03/2018 15:34:12.0000000","25/03/2018 15:34:12.0000000","25/03/2018 15:34:12.0000000",".lib","6","False","False","False","25/03/2018 15:34:12.0000000","C:\Users\maxpowers\.rustup\toolchains\stable-x86_64-pc-windows-msvc\lib\rustlib\x86_64-pc-windows-msvc\lib","lib (C:\Users\maxpowers\.rustup\toolchains\stable-x86_64-pc-windows-msvc\lib\rustlib\x86_64-pc-windows-msvc)","rustc_trans_utils-888c987b42376d39.dll.lib","rustc_trans_utils-888c987b42376d39.dll.lib","rustc_trans_utils-888c987b42376d39.dll","C:\Users\maxpowers\.rustup\toolchains\stable-x86_64-pc-windows-msvc\lib\rustlib\x86_64-pc-windows-msvc\lib\rustc_trans_utils-888c987b42376d39.dll.lib","rustc_trans_utils-888c987b42376d39.dll (C:\Users\maxpowers\.rustup\toolchains\stable-x86_64-pc-windows-msvc\lib\rustlib\x86_64-pc-windows-msvc\lib)",".lib","rustc_trans_utils-888c987b42376d39.dll.lib","1077936503","0","11/04/2018 16:16:21.6804841","0","file","B41DE0FFAF083819","Object File Library","2850"
"FCBBBC63ECDDEABB551CE69F2A005800","15124E12","rustc_typeck-55d73d57765c8f2a.dll.lib","168740","32","25/03/2018 15:30:33.0000000","11/04/2018 16:09:25.9461092","11/04/2018 16:09:25.9461092","file:C:/Users/maxpowers/.rustup/toolchains/stable-x86_64-pc-windows-msvc/lib/rustlib/x86_64-pc-windows-msvc/lib/rustc_typeck-55d73d57765c8f2a.dll.lib","lib","25/03/2018 15:30:33.0000000","25/03/2018 15:30:33.0000000","25/03/2018 15:30:33.0000000",".lib","6","False","False","False","25/03/2018 15:30:33.0000000","C:\Users\maxpowers\.rustup\toolchains\stable-x86_64-pc-windows-msvc\lib\rustlib\x86_64-pc-windows-msvc\lib","lib (C:\Users\maxpowers\.rustup\toolchains\stable-x86_64-pc-windows-msvc\lib\rustlib\x86_64-pc-windows-msvc)","rustc_typeck-55d73d57765c8f2a.dll.lib","rustc_typeck-55d73d57765c8f2a.dll.lib","rustc_typeck-55d73d57765c8f2a.dll","C:\Users\maxpowers\.rustup\toolchains\stable-x86_64-pc-windows-msvc\lib\rustlib\x86_64-pc-windows-msvc\lib\rustc_typeck-55d73d57765c8f2a.dll.lib","rustc_typeck-55d73d57765c8f2a.dll (C:\Users\maxpowers\.rustup\toolchains\stable-x86_64-pc-windows-msvc\lib\rustlib\x86_64-pc-windows-msvc\lib)",".lib","rustc_typeck-55d73d57765c8f2a.dll.lib","1077936503","0","11/04/2018 16:16:21.6339318","0","file","993D1E04F55689C7","Object File Library","2852"
"47879E4D3B8DEA0F6AD464CC26515EB3","15124E12","serialize-a29018cde7a9ef62.dll.lib","94502","32","25/03/2018 15:17:34.0000000","11/04/2018 16:09:25.9619635","11/04/2018 16:09:25.9619635","file:C:/Users/maxpowers/.rustup/toolchains/stable-x86_64-pc-windows-msvc/lib/rustlib/x86_64-pc-windows-msvc/lib/serialize-a29018cde7a9ef62.dll.lib","lib","25/03/2018 15:17:34.0000000","25/03/2018 15:17:34.0000000","25/03/2018 15:17:34.0000000",".lib","6","False","False","False","25/03/2018 15:17:34.0000000","C:\Users\maxpowers\.rustup\toolchains\stable-x86_64-pc-windows-msvc\lib\rustlib\x86_64-pc-windows-msvc\lib","lib (C:\Users\maxpowers\.rustup\toolchains\stable-x86_64-pc-windows-msvc\lib\rustlib\x86_64-pc-windows-msvc)","serialize-a29018cde7a9ef62.dll.lib","serialize-a29018cde7a9ef62.dll.lib","serialize-a29018cde7a9ef62.dll","C:\Users\maxpowers\.rustup\toolchains\stable-x86_64-pc-windows-msvc\lib\rustlib\x86_64-pc-windows-msvc\lib\serialize-a29018cde7a9ef62.dll.lib","serialize-a29018cde7a9ef62.dll (C:\Users\maxpowers\.rustup\toolchains\stable-x86_64-pc-windows-msvc\lib\rustlib\x86_64-pc-windows-msvc\lib)",".lib","serialize-a29018cde7a9ef62.dll.lib","1077936503","0","11/04/2018 16:16:21.5867261","0,015625","file","0C17B60592A1A236","Object File Library","2854"
"1B9C90B023092885BA3DD971F327F2E4","15124E12","std-1cce2a9d20ab1f24.dll.lib","1072290","32","25/03/2018 15:16:34.0000000","11/04/2018 16:09:25.9775688","11/04/2018 16:09:25.9775688","file:C:/Users/maxpowers/.rustup/toolchains/stable-x86_64-pc-windows-msvc/lib/rustlib/x86_64-pc-windows-msvc/lib/std-1cce2a9d20ab1f24.dll.lib","lib","25/03/2018 15:16:34.0000000","25/03/2018 15:16:34.0000000","25/03/2018 15:16:34.0000000",".lib","6","False","False","False","25/03/2018 15:16:34.0000000","C:\Users\maxpowers\.rustup\toolchains\stable-x86_64-pc-windows-msvc\lib\rustlib\x86_64-pc-windows-msvc\lib","lib (C:\Users\maxpowers\.rustup\toolchains\stable-x86_64-pc-windows-msvc\lib\rustlib\x86_64-pc-windows-msvc)","std-1cce2a9d20ab1f24.dll.lib","std-1cce2a9d20ab1f24.dll.lib","std-1cce2a9d20ab1f24.dll","C:\Users\maxpowers\.rustup\toolchains\stable-x86_64-pc-windows-msvc\lib\rustlib\x86_64-pc-windows-msvc\lib\std-1cce2a9d20ab1f24.dll.lib","std-1cce2a9d20ab1f24.dll (C:\Users\maxpowers\.rustup\toolchains\stable-x86_64-pc-windows-msvc\lib\rustlib\x86_64-pc-windows-msvc\lib)",".lib","std-1cce2a9d20ab1f24.dll.lib","1077936503","0","11/04/2018 16:16:21.5086519","0,015625","file","03A4E9E7892A4BCC","Object File Library","2856"
"B3F9F21CB027A0FEC0DAB844BDF791E9","15124E12","syntax-4996b62d03da7218.dll.lib","736278","32","25/03/2018 15:20:03.0000000","11/04/2018 16:09:25.9930118","11/04/2018 16:09:25.9930118","file:C:/Users/maxpowers/.rustup/toolchains/stable-x86_64-pc-windows-msvc/lib/rustlib/x86_64-pc-windows-msvc/lib/syntax-4996b62d03da7218.dll.lib","lib","25/03/2018 15:20:03.0000000","25/03/2018 15:20:03.0000000","25/03/2018 15:20:03.0000000",".lib","6","False","False","False","25/03/2018 15:20:03.0000000","C:\Users\maxpowers\.rustup\toolchains\stable-x86_64-pc-windows-msvc\lib\rustlib\x86_64-pc-windows-msvc\lib","lib (C:\Users\maxpowers\.rustup\toolchains\stable-x86_64-pc-windows-msvc\lib\rustlib\x86_64-pc-windows-msvc)","syntax-4996b62d03da7218.dll.lib","syntax-4996b62d03da7218.dll.lib","syntax-4996b62d03da7218.dll","C:\Users\maxpowers\.rustup\toolchains\stable-x86_64-pc-windows-msvc\lib\rustlib\x86_64-pc-windows-msvc\lib\syntax-4996b62d03da7218.dll.lib","syntax-4996b62d03da7218.dll (C:\Users\maxpowers\.rustup\toolchains\stable-x86_64-pc-windows-msvc\lib\rustlib\x86_64-pc-windows-msvc\lib)",".lib","syntax-4996b62d03da7218.dll.lib","1077936503","0","11/04/2018 16:16:21.4619139","0,015625","file","8F8790C5EE06A445","Object File Library","2858"
"7D8AFA3F2F3EB6A9674240A50B8A06DD","15124E12","syntax_ext-ba757dbf3e87059e.dll.lib","42852","32","25/03/2018 15:20:44.0000000","11/04/2018 16:09:26.0086688","11/04/2018 16:09:26.0086688","file:C:/Users/maxpowers/.rustup/toolchains/stable-x86_64-pc-windows-msvc/lib/rustlib/x86_64-pc-windows-msvc/lib/syntax_ext-ba757dbf3e87059e.dll.lib","lib","25/03/2018 15:20:44.0000000","25/03/2018 15:20:44.0000000","25/03/2018 15:20:44.0000000",".lib","6","False","False","False","25/03/2018 15:20:44.0000000","C:\Users\maxpowers\.rustup\toolchains\stable-x86_64-pc-windows-msvc\lib\rustlib\x86_64-pc-windows-msvc\lib","lib (C:\Users\maxpowers\.rustup\toolchains\stable-x86_64-pc-windows-msvc\lib\rustlib\x86_64-pc-windows-msvc)","syntax_ext-ba757dbf3e87059e.dll.lib","syntax_ext-ba757dbf3e87059e.dll.lib","syntax_ext-ba757dbf3e87059e.dll","C:\Users\maxpowers\.rustup\toolchains\stable-x86_64-pc-windows-msvc\lib\rustlib\x86_64-pc-windows-msvc\lib\syntax_ext-ba757dbf3e87059e.dll.lib","syntax_ext-ba757dbf3e87059e.dll (C:\Users\maxpowers\.rustup\toolchains\stable-x86_64-pc-windows-msvc\lib\rustlib\x86_64-pc-windows-msvc\lib)",".lib","syntax_ext-ba757dbf3e87059e.dll.lib","1077936503","0","11/04/2018 16:16:21.3836218","0","file","32296AFC44F4FECB","Object File Library","2860"
"7AB1B1ECA2EBA3F0C3FE288155B64574","15124E12","syntax_pos-aad3df3b0a38ce92.dll.lib","75630","32","25/03/2018 15:17:56.0000000","11/04/2018 16:09:26.0086688","11/04/2018 16:09:26.0086688","file:C:/Users/maxpowers/.rustup/toolchains/stable-x86_64-pc-windows-msvc/lib/rustlib/x86_64-pc-windows-msvc/lib/syntax_pos-aad3df3b0a38ce92.dll.lib","lib","25/03/2018 15:17:56.0000000","25/03/2018 15:17:56.0000000","25/03/2018 15:17:56.0000000",".lib","6","False","False","False","25/03/2018 15:17:56.0000000","C:\Users\maxpowers\.rustup\toolchains\stable-x86_64-pc-windows-msvc\lib\rustlib\x86_64-pc-windows-msvc\lib","lib (C:\Users\maxpowers\.rustup\toolchains\stable-x86_64-pc-windows-msvc\lib\rustlib\x86_64-pc-windows-msvc)","syntax_pos-aad3df3b0a38ce92.dll.lib","syntax_pos-aad3df3b0a38ce92.dll.lib","syntax_pos-aad3df3b0a38ce92.dll","C:\Users\maxpowers\.rustup\toolchains\stable-x86_64-pc-windows-msvc\lib\rustlib\x86_64-pc-windows-msvc\lib\syntax_pos-aad3df3b0a38ce92.dll.lib","syntax_pos-aad3df3b0a38ce92.dll (C:\Users\maxpowers\.rustup\toolchains\stable-x86_64-pc-windows-msvc\lib\rustlib\x86_64-pc-windows-msvc\lib)",".lib","syntax_pos-aad3df3b0a38ce92.dll.lib","1077936503","0","11/04/2018 16:16:21.3523636","0,015625","file","85985049FA21CAA8","Object File Library","2862"
"FCC2956211007B916D7658DF76217159","15124E12","term-b6e784933f14e088.dll.lib","15886","32","25/03/2018 15:16:40.0000000","11/04/2018 16:09:26.0242731","11/04/2018 16:09:26.0242731","file:C:/Users/maxpowers/.rustup/toolchains/stable-x86_64-pc-windows-msvc/lib/rustlib/x86_64-pc-windows-msvc/lib/term-b6e784933f14e088.dll.lib","lib","25/03/2018 15:16:40.0000000","25/03/2018 15:16:40.0000000","25/03/2018 15:16:40.0000000",".lib","6","False","False","False","25/03/2018 15:16:40.0000000","C:\Users\maxpowers\.rustup\toolchains\stable-x86_64-pc-windows-msvc\lib\rustlib\x86_64-pc-windows-msvc\lib","lib (C:\Users\maxpowers\.rustup\toolchains\stable-x86_64-pc-windows-msvc\lib\rustlib\x86_64-pc-windows-msvc)","term-b6e784933f14e088.dll.lib","term-b6e784933f14e088.dll.lib","term-b6e784933f14e088.dll","C:\Users\maxpowers\.rustup\toolchains\stable-x86_64-pc-windows-msvc\lib\rustlib\x86_64-pc-windows-msvc\lib\term-b6e784933f14e088.dll.lib","term-b6e784933f14e088.dll (C:\Users\maxpowers\.rustup\toolchains\stable-x86_64-pc-windows-msvc\lib\rustlib\x86_64-pc-windows-msvc\lib)",".lib","term-b6e784933f14e088.dll.lib","1077936503","0","11/04/2018 16:16:21.3055761","0","file","41B5CC4ECC53A3CF","Object File Library","2864"
"B699C7BFD61A997E26A5424C6C9FDCA3","15124E12","test-1eff972bcfd364af.dll.lib","40534","32","25/03/2018 15:16:50.0000000","11/04/2018 16:09:26.0242731","11/04/2018 16:09:26.0242731","file:C:/Users/maxpowers/.rustup/toolchains/stable-x86_64-pc-windows-msvc/lib/rustlib/x86_64-pc-windows-msvc/lib/test-1eff972bcfd364af.dll.lib","lib","25/03/2018 15:16:50.0000000","25/03/2018 15:16:50.0000000","25/03/2018 15:16:50.0000000",".lib","6","False","False","False","25/03/2018 15:16:50.0000000","C:\Users\maxpowers\.rustup\toolchains\stable-x86_64-pc-windows-msvc\lib\rustlib\x86_64-pc-windows-msvc\lib","lib (C:\Users\maxpowers\.rustup\toolchains\stable-x86_64-pc-windows-msvc\lib\rustlib\x86_64-pc-windows-msvc)","test-1eff972bcfd364af.dll.lib","test-1eff972bcfd364af.dll.lib","test-1eff972bcfd364af.dll","C:\Users\maxpowers\.rustup\toolchains\stable-x86_64-pc-windows-msvc\lib\rustlib\x86_64-pc-windows-msvc\lib\test-1eff972bcfd364af.dll.lib","test-1eff972bcfd364af.dll (C:\Users\maxpowers\.rustup\toolchains\stable-x86_64-pc-windows-msvc\lib\rustlib\x86_64-pc-windows-msvc\lib)",".lib","test-1eff972bcfd364af.dll.lib","1077936503","0","11/04/2018 16:16:21.2273975","0","file","9731339629B7E656","Object File Library","2866"
